secao_nome;pares;vinculos;municipios
"G - Comércio; reparação de veículos";295;1920;141
C - Indústrias de transformação;119;761;56
F - Construção;87;607;72
A - Agricultura, pecuária, produção florestal, pesca e aquicultura;69;442;54
M - Atividades profissionais, científicas e técnicas;58;384;49
I - Alojamento e alimentação;46;293;33
Q - Saúde humana e serviços sociais;39;253;28
N - Atividades administrativas e serviços complementares;37;247;26
P - Educação;37;251;31
J - Informação e comunicação;37;239;33
S - Outras atividades de serviços;34;225;29
H - Transporte, armazenagem e correio;21;139;18
K - Atividades financeiras e de seguros;14;83;11
E - Água, esgoto, resíduos e descontaminação;13;84;12
R - Artes, cultura, esporte e recreação;10;68;10
B - Indústrias extrativas;9;60;9
O - Administração pública, defesa e seguridade social;3;25;3
L - Atividades imobiliárias;3;23;3
D - Eletricidade e gás;2;13;2
