NM_MUN;setores;vinc
Parnaíba;53;3581
Teresina;68;3523
Piripiri;32;1959
Bom Jesus;29;1837
Floriano;38;1733
Picos;46;1616
Uruçuí;34;1597
Campo Maior;22;1554
Buriti dos Lopes;11;1454
Altos;19;1435
Esperantina;28;1171
Baixa Grande do Ribeiro;19;1056
Piracuruca;13;934
Caridade do Piauí;3;875
Nazária;12;830
Bom Princípio do Piauí;3;783
União;15;726
Itainópolis;6;686
Joaquim Pires;4;668
Cocal;8;654
Pedro II;15;651
Corrente;22;630
Guadalupe;13;618
Simões;10;612
Monsenhor Gil;9;571
José de Freitas;20;561
Morro Cabeça no Tempo;2;552
Caracol;5;547
Ribeiro Gonçalves;9;524
Santo Antônio de Lisboa;7;520
Lagoa do Barro do Piauí;3;506
Oeiras;15;489
Cajueiro da Praia;10;481
Fronteiras;4;481
São João do Piauí;18;463
Água Branca;14;443
Demerval Lobão;14;443
Padre Marcos;3;443
Anísio de Abreu;4;417
Barras;18;417
São João do Arraial;2;412
Nazaré do Piauí;6;391
São Raimundo Nonato;16;361
Wall Ferraz;2;359
Elesbão Veloso;10;356
Fartura do Piauí;3;344
Valença do Piauí;9;336
Paulistana;11;332
Alto Longá;5;328
Nossa Senhora dos Remédios;3;324
Betânia do Piauí;2;318
Santa Filomena;7;314
Matias Olímpio;2;313
Sussuapara;4;312
Inhuma;5;299
Canavieira;3;284
Boqueirão do Piauí;1;277
Capitão Gervásio Oliveira;3;270
Dirceu Arcoverde;4;268
Vila Nova do Piauí;5;268
Luzilândia;6;258
Currais;5;257
São José do Piauí;4;248
Luís Correia;12;247
Riacho Frio;4;246
Lagoa do Piauí;6;237
Pau D'Arco do Piauí;2;235
Caxingó;3;234
São Lourenço do Piauí;2;231
Landri Sales;2;230
Juazeiro do Piauí;3;229
Ilha Grande;5;203
Monte Alegre do Piauí;5;198
Curral Novo do Piauí;3;198
Aroeiras do Itaim;2;195
Campinas do Piauí;1;195
Canto do Buriti;7;191
Regeneração;9;191
Gilbués;9;189
Jatobá do Piauí;2;185
Francisco Ayres;2;182
Marcolândia;7;170
Batalha;6;169
Cocal de Telha;3;169
Miguel Alves;9;163
Vera Mendes;2;163
Domingos Mourão;1;162
Amarante;4;153
Santa Cruz do Piauí;4;152
Itaueira;5;143
Cristalândia do Piauí;2;143
Curimatá;5;143
Dom Inocêncio;3;137
Cristino Castro;6;135
Pajeú do Piauí;3;134
Santo Inácio do Piauí;3;133
Castelo do Piauí;7;133
Tamboril do Piauí;2;130
Sebastião Leal;6;128
São Pedro do Piauí;3;128
Bertolínia;4;122
São José do Divino;2;119
Antônio Almeida;1;119
Pio IX;6;116
Brejo do Piauí;2;113
Coronel José Dias;4;112
Queimada Nova;4;106
Barro Duro;4;104
Curralinhos;3;100
Júlio Borges;1;96
São João da Fronteira;1;95
Simplício Mendes;5;95
Nova Santa Rita;1;94
Santa Luz;3;93
Belém do Piauí;2;93
São Miguel do Tapuio;5;93
Marcos Parente;1;92
São Gonçalo do Piauí;3;91
Conceição do Canindé;1;88
Arraial;1;87
Miguel Leão;2;79
São Gonçalo do Gurguéia;4;79
Santana do Piauí;1;76
Jacobina do Piauí;2;73
Geminiano;4;72
Campo Largo do Piauí;1;68
Santa Rosa do Piauí;2;68
Lagoinha do Piauí;4;65
Cabeceiras do Piauí;4;64
Jaicós;4;64
Ribeira do Piauí;2;63
Palmeirais;4;62
Jerumenha;4;62
Pedro Laurentino;2;61
Lagoa de São Francisco;1;57
São Julião;3;54
Acauã;3;54
Manoel Emídio;2;53
Eliseu Martins;4;51
Ipiranga do Piauí;2;51
Milton Brandão;1;50
Palmeira do Piauí;2;48
Angical do Piauí;3;47
Monsenhor Hipólito;1;47
Colônia do Piauí;3;46
Colônia do Gurguéia;2;46
Isaías Coelho;4;45
Parnaguá;2;45
Passagem Franca do Piauí;2;42
Sebastião Barros;2;42
São Braz do Piauí;3;40
Brasileira;1;40
Barreiras do Piauí;2;39
João Costa;2;39
Beneditinos;1;37
Dom Expedito Lopes;2;36
Buriti dos Montes;2;34
Campo Grande do Piauí;1;30
Jurema;1;30
São João da Serra;2;30
Francinópolis;2;30
São Luis do Piauí;1;29
Patos do Piauí;1;29
Lagoa Alegre;2;26
Capitão de Campos;2;26
Alegrete do Piauí;1;25
Francisco Santos;2;23
Porto;1;23
Campo Alegre do Fidalgo;2;22
Porto Alegre do Piauí;1;21
Guaribas;1;20
São José do Peixe;1;19
Caraúbas do Piauí;1;19
Paes Landim;1;18
Socorro do Piauí;1;16
Santa Cruz dos Milagres;1;16
São Francisco de Assis do Piauí;1;14
Caldeirão Grande do Piauí;1;12
Alagoinha do Piauí;1;11
Boa Hora;1;10
Redenção do Gurguéia;1;10
Paquetá;1;10
