secao_nome;pares;vinculos;municipios;subclasses;vinc_por_par
"G - Comércio; reparação de veículos";2004;13875;223;184;6,9
O - Administração pública, defesa e seguridade social;72;12249;64;6;170,1
Q - Saúde humana e serviços sociais;349;10048;135;43;28,8
C - Indústrias de transformação;604;5935;136;190;9,8
P - Educação;162;5586;81;19;34,5
F - Construção;461;4588;177;34;10,0
N - Atividades administrativas e serviços complementares;270;4341;91;40;16,1
A - Agricultura, pecuária, produção florestal, pesca e aquicultura;446;4243;150;64;9,5
J - Informação e comunicação;202;3402;125;32;16,8
M - Atividades profissionais, científicas e técnicas;323;2332;142;31;7,2
I - Alojamento e alimentação;234;2198;103;18;9,4
H - Transporte, armazenagem e correio;180;1918;85;35;10,7
S - Outras atividades de serviços;249;1842;118;33;7,4
D - Eletricidade e gás;33;1108;24;7;33,6
B - Indústrias extrativas;44;845;34;15;19,2
R - Artes, cultura, esporte e recreação;183;798;125;20;4,4
E - Água, esgoto, resíduos e descontaminação;60;737;41;12;12,3
K - Atividades financeiras e de seguros;90;385;48;16;4,3
L - Atividades imobiliárias;45;258;30;7;5,7
