secao_nome;pares;vinc;mun
O - Administração pública, defesa e seguridade social;72;12249;64
Q - Saúde humana e serviços sociais;349;10048;135
"G - Comércio; reparação de veículos";1735;9154;223
C - Indústrias de transformação;592;5778;135
P - Educação;162;5586;81
F - Construção;461;4588;177
A - Agricultura, pecuária, produção florestal, pesca e aquicultura;446;4243;150
N - Atividades administrativas e serviços complementares;266;3946;91
J - Informação e comunicação;187;3102;124
M - Atividades profissionais, científicas e técnicas;323;2332;142
H - Transporte, armazenagem e correio;179;1918;84
S - Outras atividades de serviços;242;1547;117
I - Alojamento e alimentação;204;1457;97
D - Eletricidade e gás;33;1108;24
B - Indústrias extrativas;44;845;34
R - Artes, cultura, esporte e recreação;183;798;125
E - Água, esgoto, resíduos e descontaminação;60;737;41
K - Atividades financeiras e de seguros;90;385;48
L - Atividades imobiliárias;45;258;30
