subclasse;secao_nome;mun;vinc;med;max_
Regulação das atividades de saúde, educação, serviços culturais e outros serviços sociais;O - Administração pública, defesa e seguridade social;37;9160;175,0;1183
Ensino fundamental;P - Educação;17;3413;153,0;805
Atividades de práticas integrativas e complementares em saúde humana;Q - Saúde humana e serviços sociais;17;2112;84,0;391
Serviços de comunicação multimídia - SCM;J - Informação e comunicação;47;2068;26,0;338
Atividades de atendimento em pronto-socorro e unidades hospitalares para atendimento a urgências;Q - Saúde humana e serviços sociais;3;1585;325,0;1167
Atividades de apoio à gestão de saúde;Q - Saúde humana e serviços sociais;15;1545;61,0;562
Outras atividades de atenção à saúde humana não especificadas anteriormente;Q - Saúde humana e serviços sociais;12;1398;80,0;454
Atividades de atendimento hospitalar, exceto pronto-socorro e unidades para atendimento a urgências;Q - Saúde humana e serviços sociais;13;1396;68,0;506
Administração pública em geral;O - Administração pública, defesa e seguridade social;4;1290;332,5;536
Seleção e agenciamento de mão-de-obra;N - Atividades administrativas e serviços complementares;22;1253;34,5;271
Comércio atacadista de mercadorias em geral, com predominância de produtos alimentícios;"G - Comércio; reparação de veículos";7;1009;71,0;633
Construção de rodovias e ferrovias;F - Construção;23;912;28,0;114
Construção de edifícios;F - Construção;31;823;20,0;83
Construção de estações e redes de distribuição de energia elétrica;D - Eletricidade e gás;5;821;94,0;408
Fabricação de artefatos de cerâmica e barro cozido para uso na construção, exceto azulejos e pisos;C - Indústrias de transformação;14;668;25,5;318
Defesa Civil;O - Administração pública, defesa e seguridade social;1;647;647,0;647
Outras atividades de ensino não especificadas anteriormente;P - Educação;3;637;228,0;379
Seguridade social obrigatória;O - Administração pública, defesa e seguridade social;8;556;29,0;185
Fornecimento e gestão de recursos humanos para terceiros;N - Atividades administrativas e serviços complementares;3;528;137,0;380
Defesa;O - Administração pública, defesa e seguridade social;1;527;527,0;527
Comércio varejista de mercadorias em geral, com predominância de produtos alimentícios - supermercados;"G - Comércio; reparação de veículos";18;511;20,5;86
Cultivo de milho;A - Agricultura, pecuária, produção florestal, pesca e aquicultura;6;467;83,0;139
Serviços combinados de escritório e apoio administrativo;N - Atividades administrativas e serviços complementares;17;431;18,0;95
Atividades de consultoria em gestão empresarial, exceto consultoria técnica específica;M - Atividades profissionais, científicas e técnicas;18;403;19,5;58
Atividades de apoio à educação, exceto caixas escolares;P - Educação;2;403;201,5;379
Restaurantes e similares;I - Alojamento e alimentação;8;375;17,0;253
Serviços de engenharia;M - Atividades profissionais, científicas e técnicas;14;373;15,0;80
Comércio atacadista de cerveja, chope e refrigerante;"G - Comércio; reparação de veículos";1;361;361,0;361
Outras obras de engenharia civil não especificadas anteriormente;F - Construção;8;327;28,0;99
Comércio varejista de mercadorias em geral, com predominância de produtos alimentícios - hipermercados;"G - Comércio; reparação de veículos";6;313;16,0;230
Coleta de resíduos não-perigosos;E - Água, esgoto, resíduos e descontaminação;9;307;20,0;107
Serviço de preparação de terreno, cultivo e colheita;A - Agricultura, pecuária, produção florestal, pesca e aquicultura;6;306;27,0;190
Promoção de vendas;M - Atividades profissionais, científicas e técnicas;7;303;47,0;87
Transporte rodoviário de carga, exceto produtos perigosos e mudanças, intermunicipal, interestadual e internacional;H - Transporte, armazenagem e correio;4;303;56,0;159
Cultivo de soja;A - Agricultura, pecuária, produção florestal, pesca e aquicultura;10;273;21,0;72
Atividades de atenção ambulatorial não especificadas anteriormente;Q - Saúde humana e serviços sociais;5;271;54,0;79
Instalação e manutenção elétrica;F - Construção;8;266;17,0;153
Educação infantil - pré-escola;P - Educação;12;255;21,0;41
Fabricação de alimentos para animais;C - Indústrias de transformação;8;253;20,5;80
Produção de carvão vegetal - florestas plantadas;A - Agricultura, pecuária, produção florestal, pesca e aquicultura;4;252;27,5;176
Serviços combinados para apoio a edifícios, exceto condomínios prediais;N - Atividades administrativas e serviços complementares;3;251;56,0;182
Fabricação de águas envasadas;C - Indústrias de transformação;10;250;24,0;45
Atividades associativas não especificadas anteriormente;S - Outras atividades de serviços;7;247;16,0;104
Extração de minério de ferro;B - Indústrias extrativas;1;244;244,0;244
Outras atividades de serviços prestados principalmente às empresas não especificadas anteriormente;N - Atividades administrativas e serviços complementares;4;239;53,0;118
Ensino médio;P - Educação;2;239;119,5;158
Concessionárias de rodovias, pontes, túneis e serviços relacionados;H - Transporte, armazenagem e correio;4;229;16,5;181
Serviços de assistência social sem alojamento;Q - Saúde humana e serviços sociais;11;225;14,0;54
Criação de bovinos para corte;A - Agricultura, pecuária, produção florestal, pesca e aquicultura;6;219;19,5;96
Fabricação de produtos de padaria e confeitaria com predominância de produção própria;C - Indústrias de transformação;8;212;16,0;77
Desenvolvimento e licenciamento de programas de computador customizáveis;J - Informação e comunicação;1;209;209,0;209
Fabricação de estruturas pré-moldadas de concreto armado, em série e sob encomenda;C - Indústrias de transformação;4;207;50,5;96
Atividades de associações de defesa de direitos sociais;S - Outras atividades de serviços;5;202;26,0;71
Cultivo de mudas em viveiros florestais;A - Agricultura, pecuária, produção florestal, pesca e aquicultura;2;200;100,0;115
Atividade médica ambulatorial com recursos para realização de exames complementares;Q - Saúde humana e serviços sociais;8;197;19,5;66
Fabricação de alimentos dietéticos e complementos alimentares;C - Indústrias de transformação;3;196;63,0;123
Atividades de apoio à agricultura não especificadas anteriormente;A - Agricultura, pecuária, produção florestal, pesca e aquicultura;5;189;47,0;64
Comércio varejista de combustíveis para veículos automotores;"G - Comércio; reparação de veículos";11;188;14,0;45
Carga e descarga;H - Transporte, armazenagem e correio;4;188;17,5;139
Cultivo de arroz;A - Agricultura, pecuária, produção florestal, pesca e aquicultura;6;188;33,5;50
Atividades de organizações políticas;S - Outras atividades de serviços;2;184;92,0;162
Obras de urbanização - ruas, praças e calçadas;F - Construção;8;178;20,0;46
Obras portuárias, marítimas e fluviais;F - Construção;2;176;88,0;156
Fabricação de outros produtos de minerais não-metálicos não especificados anteriormente;C - Indústrias de transformação;7;175;23,0;38
Extração de minério de níquel;B - Indústrias extrativas;1;172;172,0;172
Fornecimento de alimentos preparados preponderantemente para empresas;I - Alojamento e alimentação;4;168;23,0;109
Atividades de vigilância e segurança privada;N - Atividades administrativas e serviços complementares;3;159;57,0;86
Produção de sementes certificadas, exceto de forrageiras para pasto;A - Agricultura, pecuária, produção florestal, pesca e aquicultura;3;154;44,0;82
Atividade odontológica com recursos para realização de procedimentos cirúrgicos;Q - Saúde humana e serviços sociais;10;154;16,5;22
Transporte rodoviário coletivo de passageiros, com itinerário fixo, municipal;H - Transporte, armazenagem e correio;4;152;16,5;104
Atividades de transporte de valores;H - Transporte, armazenagem e correio;3;148;42,0;68
Tratamento e disposição de resíduos perigosos;E - Água, esgoto, resíduos e descontaminação;1;144;144,0;144
Fabricação de produtos de panificação industrial;C - Indústrias de transformação;4;136;34,0;50
Atividades de atividades de fiscalização profissional;S - Outras atividades de serviços;1;134;134,0;134
Fabricação de óleos vegetais em bruto, exceto óleo de milho;C - Indústrias de transformação;1;133;133,0;133
Cultivo de eucalipto;A - Agricultura, pecuária, produção florestal, pesca e aquicultura;2;131;65,5;119
Produção de ovos;A - Agricultura, pecuária, produção florestal, pesca e aquicultura;5;131;18,0;74
Manutenção de estações e redes de telecomunicações;J - Informação e comunicação;1;128;128,0;128
Gestão de instalações de esportes;R - Artes, cultura, esporte e recreação;2;127;63,5;117
Fabricação de artigos ópticos;C - Indústrias de transformação;2;125;62,5;107
Extração e britamento de pedras e outros materiais para construção e beneficiamento associado;B - Indústrias extrativas;6;121;15,0;45
Clubes sociais, esportivos e similares;R - Artes, cultura, esporte e recreação;3;120;40,0;56
Marketing direto;M - Atividades profissionais, científicas e técnicas;2;113;56,5;100
Comércio varejista de mercadorias em geral, com predominância de produtos alimentícios - minimercados, mercearias e armazéns;"G - Comércio; reparação de veículos";5;112;18,0;41
Cartórios;M - Atividades profissionais, científicas e técnicas;7;109;14,0;25
Locação de automóveis sem condutor;N - Atividades administrativas e serviços complementares;3;108;30,0;51
Obras de terraplenagem;F - Construção;5;108;19,0;46
Manutenção de redes de distribuição de energia elétrica;D - Eletricidade e gás;2;107;53,5;88
Lanchonetes, casas de chá, de sucos e similares;I - Alojamento e alimentação;5;105;20,0;32
Comércio varejista de mercadorias em lojas de conveniência;"G - Comércio; reparação de veículos";7;102;14,0;24
Hotéis;I - Alojamento e alimentação;5;97;21,0;31
Geração de energia elétrica;D - Eletricidade e gás;4;96;23,0;37
Obras de alvenaria;F - Construção;5;96;20,0;29
Coleta de produtos não-madeireiros não especificados anteriormente em florestas nativas;A - Agricultura, pecuária, produção florestal, pesca e aquicultura;3;95;20,0;63
Incorporação de empreendimentos imobiliários;F - Construção;2;93;46,5;79
Serviços de diálise e nefrologia;Q - Saúde humana e serviços sociais;3;92;32,0;50
Fabricação de biocombustíveis, exceto álcool;C - Indústrias de transformação;1;92;92,0;92
Comércio atacadista especializado em outros produtos alimentícios não especificados anteriormente;"G - Comércio; reparação de veículos";2;92;46,0;65
Comércio atacadista de máquinas, equipamentos para terraplenagem, mineração e construção, partes e peças;"G - Comércio; reparação de veículos";4;92;22,5;28
Comércio varejista de laticínios e frios;"G - Comércio; reparação de veículos";2;92;46,0;56
Comércio varejista de materiais de construção em geral;"G - Comércio; reparação de veículos";6;91;14,0;21
Impressão de material para uso publicitário;C - Indústrias de transformação;3;90;34,0;40
Padaria e confeitaria com predominância de revenda;I - Alojamento e alimentação;5;89;18,0;27
Criação de frangos para corte;A - Agricultura, pecuária, produção florestal, pesca e aquicultura;2;85;42,5;44
Comércio varejista de hortifrutigranjeiros;"G - Comércio; reparação de veículos";5;83;14,0;30
Transporte rodoviário coletivo de passageiros, com itinerário fixo, interestadual;H - Transporte, armazenagem e correio;3;83;30,0;31
Comércio atacadista de mercadorias em geral, sem predominância de alimentos ou de insumos agropecuários;"G - Comércio; reparação de veículos";4;82;20,0;31
Fabricação de laticínios;C - Indústrias de transformação;1;80;80,0;80
Terminais rodoviários e ferroviários;H - Transporte, armazenagem e correio;3;78;13,0;54
Fabricação de produtos cerâmicos não-refratários não especificados anteriormente;C - Indústrias de transformação;2;77;38,5;64
Atividades de condicionamento físico;R - Artes, cultura, esporte e recreação;5;77;14,0;23
Portais, provedores de conteúdo e outros serviços de informação na internet;J - Informação e comunicação;2;76;38,0;54
Preparação de documentos e serviços especializados de apoio administrativo não especificados anteriormente;N - Atividades administrativas e serviços complementares;2;76;38,0;60
Comércio varejista de suvenires, bijuterias e artesanatos;"G - Comércio; reparação de veículos";3;76;16,0;49
Higiene e embelezamento de animais doméstico;S - Outras atividades de serviços;1;75;75,0;75
Serviços de funerárias;S - Outras atividades de serviços;4;74;19,5;24
Corretagem na compra e venda e avaliação de imóveis;L - Atividades imobiliárias;3;71;27,0;28
Comércio atacadista de embalagens;"G - Comércio; reparação de veículos";2;70;35,0;60
Serviços advocatícios;M - Atividades profissionais, científicas e técnicas;3;69;16,0;38
Comércio atacadista de cereais e leguminosas beneficiados;"G - Comércio; reparação de veículos";4;69;14,5;30
Comércio atacadista de alimentos para animais;"G - Comércio; reparação de veículos";2;69;34,5;58
Tratamento e disposição de resíduos não-perigosos;E - Água, esgoto, resíduos e descontaminação;3;68;24,0;34
Serviços de pintura de edifícios em geral;F - Construção;2;67;33,5;55
Serviços de diagnóstico por imagem com uso de radiação ionizante, exceto tomografia;Q - Saúde humana e serviços sociais;2;66;33,0;36
Loteamento de imóveis próprios;L - Atividades imobiliárias;2;66;33,0;44
Comércio atacadista de máquinas, aparelhos e equipamentos para uso agropecuário, partes e peças;"G - Comércio; reparação de veículos";1;66;66,0;66
Aluguel de outras máquinas e equipamentos comerciais e industriais não especificados anteriormente, sem operador;N - Atividades administrativas e serviços complementares;2;66;33,0;34
Comércio varejista de móveis;"G - Comércio; reparação de veículos";5;64;11,0;16
Comércio varejista de material elétrico;"G - Comércio; reparação de veículos";2;63;31,5;52
Comércio varejista especializado de equipamentos de telefonia e comunicação;"G - Comércio; reparação de veículos";3;63;20,0;28
Fabricação de óleos vegetais refinados, exceto óleo de milho;C - Indústrias de transformação;3;63;14,0;36
Fabricação de conservas de peixes, crustáceos e moluscos;C - Indústrias de transformação;1;61;61,0;61
Cultivo de outras plantas de lavoura temporária não especificadas anteriormente;A - Agricultura, pecuária, produção florestal, pesca e aquicultura;2;61;30,5;33
Comércio atacadista de mercadorias em geral, com predominância de insumos agropecuários;"G - Comércio; reparação de veículos";3;60;11,0;39
Comércio atacadista de produtos alimentícios em geral;"G - Comércio; reparação de veículos";4;60;15,5;19
Educação profissional de nível técnico;P - Educação;2;59;29,5;39
Fabricação de produtos de trefilados de metal, exceto padronizados;C - Indústrias de transformação;1;59;59,0;59
Atividades de limpeza não especificadas anteriormente;N - Atividades administrativas e serviços complementares;3;59;17,0;30
Pesca de peixes em água doce;A - Agricultura, pecuária, produção florestal, pesca e aquicultura;1;58;58,0;58
Manutenção e reparação de outras máquinas e equipamentos para usos industriais não especificados anteriormente;C - Indústrias de transformação;1;58;58,0;58
Pintura para sinalização em pistas rodoviárias e aeroportos;F - Construção;2;58;29,0;33
Transporte rodoviário coletivo de passageiros, com itinerário fixo, intermunicipal em região metropolitana;H - Transporte, armazenagem e correio;2;58;29,0;33
Construção de estações e redes de telecomunicações;F - Construção;1;58;58,0;58
Facção de roupas profissionais;C - Indústrias de transformação;1;57;57,0;57
Produção de carvão vegetal - florestas nativas;A - Agricultura, pecuária, produção florestal, pesca e aquicultura;2;57;28,5;41
Condomínios prediais;N - Atividades administrativas e serviços complementares;3;55;13,0;30
Exploração de jogos de azar e apostas não especificados anteriormente;R - Artes, cultura, esporte e recreação;3;53;15,0;23
Recuperação de materiais não especificados anteriormente;E - Água, esgoto, resíduos e descontaminação;1;53;53,0;53
Comércio atacadista de frutas, verduras, raízes, tubérculos, hortaliças e legumes frescos;"G - Comércio; reparação de veículos";2;52;26,0;32
Serviços de diagnóstico por imagem sem uso de radiação ionizante, exceto ressonância magnética;Q - Saúde humana e serviços sociais;2;52;26,0;30
Instalação de máquinas e equipamentos industriais;C - Indústrias de transformação;1;51;51,0;51
Administração da infra-estrutura portuária;H - Transporte, armazenagem e correio;1;50;50,0;50
Criação de peixes em água doce;A - Agricultura, pecuária, produção florestal, pesca e aquicultura;3;50;12,0;28
Educação infantil - creche;P - Educação;3;50;17,0;18
Comércio atacadista de aves abatidas e derivados;"G - Comércio; reparação de veículos";2;49;24,5;27
Comércio atacadista de matérias-primas agrícolas com atividade de fracionamento e acondicionamento associada;"G - Comércio; reparação de veículos";2;49;24,5;33
Britamento de pedras, exceto associado à extração;B - Indústrias extrativas;2;49;24,5;27
Transporte rodoviário de carga, exceto produtos perigosos e mudanças, municipal;H - Transporte, armazenagem e correio;2;49;24,5;33
Obras de montagem industrial;F - Construção;3;49;14,0;25
Serviços de hemoterapia;Q - Saúde humana e serviços sociais;1;49;49,0;49
Fabricação de sabões e detergentes sintéticos;C - Indústrias de transformação;1;48;48,0;48
Serviços de agronomia e de consultoria às atividades agrícolas e pecuárias;M - Atividades profissionais, científicas e técnicas;3;48;17,0;20
Limpeza em prédios e em domicílios;N - Atividades administrativas e serviços complementares;2;48;24,0;37
Cultivo de algodão herbáceo;A - Agricultura, pecuária, produção florestal, pesca e aquicultura;2;46;23,0;26
Extração de calcário e dolomita e beneficiamento associado;B - Indústrias extrativas;1;46;46,0;46
Educação superior - graduação;P - Educação;2;46;23,0;31
Comércio atacadista de medicamentos e drogas de uso humano;"G - Comércio; reparação de veículos";3;46;14,0;22
Atividades de jardins botânicos, zoológicos, parques nacionais, reservas ecológicas e áreas de proteção ambiental;R - Artes, cultura, esporte e recreação;1;46;46,0;46
Fabricação de sucos concentrados de frutas, hortaliças e legumes;C - Indústrias de transformação;1;45;45,0;45
Fabricação de artigos de vidro;C - Indústrias de transformação;2;45;22,5;31
Preservação de peixes, crustáceos e moluscos;C - Indústrias de transformação;2;44;22,0;31
Suporte técnico, manutenção e outros serviços em tecnologia da informação;J - Informação e comunicação;2;44;22,0;34
Transporte rodoviário coletivo de passageiros, sob regime de fretamento, municipal;H - Transporte, armazenagem e correio;1;44;44,0;44
Atividades de assistência social prestadas em residências coletivas e particulares não especificadas anteriormente;Q - Saúde humana e serviços sociais;2;43;21,5;27
Comércio atacadista de cereais e leguminosas beneficiados, farinhas, amidos e féculas, com atividade de fracionamento e acondicionamento associada;"G - Comércio; reparação de veículos";1;42;42,0;42
Cultivo de melão;A - Agricultura, pecuária, produção florestal, pesca e aquicultura;1;42;42,0;42
Cultivo de outros cereais não especificados anteriormente;A - Agricultura, pecuária, produção florestal, pesca e aquicultura;2;42;21,0;21
Extração de mármore e beneficiamento associado;B - Indústrias extrativas;1;42;42,0;42
Fabricação de equipamentos e acessórios para segurança pessoal e profissional;C - Indústrias de transformação;1;42;42,0;42
Orfanatos;Q - Saúde humana e serviços sociais;1;40;40,0;40
Comércio varejista de doces, balas, bombons e semelhantes;"G - Comércio; reparação de veículos";1;40;40,0;40
Fabricação de conservas de frutas;C - Indústrias de transformação;1;40;40,0;40
Atividades de televisão aberta;J - Informação e comunicação;2;39;19,5;24
Outras atividades auxiliares dos serviços financeiros não especificadas anteriormente;K - Atividades financeiras e de seguros;1;39;39,0;39
Fabricação de outros produtos químicos não especificados anteriormente;C - Indústrias de transformação;1;39;39,0;39
Serviços especializados para construção não especificados anteriormente;F - Construção;2;38;19,0;25
Cooperativas de crédito mútuo;K - Atividades financeiras e de seguros;3;38;11,0;16
Montagem de estruturas metálicas;F - Construção;2;37;18,5;25
Comércio atacadista de combustíveis realizado por transportador retalhista (TRR);"G - Comércio; reparação de veículos";1;36;36,0;36
Atividades de centros de assistência psicossocial;Q - Saúde humana e serviços sociais;1;36;36,0;36
Serviços de malote não realizados pelo Correio Nacional;H - Transporte, armazenagem e correio;2;36;18,0;26
Atividades de Podologia;Q - Saúde humana e serviços sociais;1;36;36,0;36
Extração de outros minerais não-metálicos não especificados anteriormente;B - Indústrias extrativas;1;36;36,0;36
Comércio por atacado de peças e acessórios para motocicletas e motonetas;"G - Comércio; reparação de veículos";3;36;12,0;14
Atividades relacionadas a esgoto, exceto a gestão de redes;E - Água, esgoto, resíduos e descontaminação;2;35;17,5;18
Consultoria em tecnologia da informação;J - Informação e comunicação;1;35;35,0;35
Formação de condutores;P - Educação;3;35;11,0;14
Fabricação de produtos cerâmicos refratários;C - Indústrias de transformação;2;35;17,5;25
Fabricação de farinha de mandioca e derivados;C - Indústrias de transformação;2;35;17,5;25
Manutenção e reparação de máquinas e equipamentos para agricultura e pecuária;C - Indústrias de transformação;2;34;17,0;24
Fabricação de produtos do arroz;C - Indústrias de transformação;2;34;17,0;17
Fabricação de produtos farmoquímicos;C - Indústrias de transformação;1;34;34,0;34
Correspondentes de instituições financeiras;K - Atividades financeiras e de seguros;2;34;17,0;21
Atividade médica ambulatorial com recursos para realização de procedimentos cirúrgicos;Q - Saúde humana e serviços sociais;3;34;11,0;12
Alojamento de animais domésticos;S - Outras atividades de serviços;1;34;34,0;34
Serviço de transporte de passageiros - locação de automóveis com motorista;N - Atividades administrativas e serviços complementares;1;33;33,0;33
Serviços de perícia técnica relacionados à segurança do trabalho;M - Atividades profissionais, científicas e técnicas;2;31;15,5;17
Cultivo de outras plantas de lavoura permanente não especificadas anteriormente;A - Agricultura, pecuária, produção florestal, pesca e aquicultura;2;31;15,5;18
Atividades de agenciamento marítimo;H - Transporte, armazenagem e correio;1;31;31,0;31
Construção de redes de abastecimento de água, coleta de esgoto e construções correlatas, exceto obras de irrigação;F - Construção;1;31;31,0;31
Atividades de contabilidade;M - Atividades profissionais, científicas e técnicas;2;31;15,5;20
Construção de obras-de-arte especiais;F - Construção;2;31;15,5;16
Fabricação de sucos de frutas, hortaliças e legumes, exceto concentrados;C - Indústrias de transformação;2;30;15,0;17
Representantes comerciais e agentes do comércio de máquinas, equipamentos, embarcações e aeronaves;"G - Comércio; reparação de veículos";1;30;30,0;30
Impressão de material de segurança;C - Indústrias de transformação;1;30;30,0;30
Holdings de instituições não-financeiras;K - Atividades financeiras e de seguros;1;29;29,0;29
Fabricação de motores elétricos, peças e acessórios;C - Indústrias de transformação;2;29;14,5;17
Comércio varejista especializado de eletrodomésticos e equipamentos de áudio e vídeo;"G - Comércio; reparação de veículos";2;29;14,5;19
Serviço móvel especializado - SME;J - Informação e comunicação;1;29;29,0;29
Abate de aves;C - Indústrias de transformação;1;29;29,0;29
Comércio atacadista de água mineral;"G - Comércio; reparação de veículos";1;28;28,0;28
Serviços de organização de feiras, congressos, exposições e festas;N - Atividades administrativas e serviços complementares;1;28;28,0;28
Comércio varejista de embarcações e outros veículos recreativos, peças e acessórios;"G - Comércio; reparação de veículos";2;28;14,0;16
Criação de bovinos, exceto para corte e leite;A - Agricultura, pecuária, produção florestal, pesca e aquicultura;2;27;13,5;15
Serviços de borracharia para veículos automotores;"G - Comércio; reparação de veículos";1;27;27,0;27
Fabricação de vidro plano e de segurança;C - Indústrias de transformação;1;27;27,0;27
Fabricação de especiarias, molhos, temperos e condimentos;C - Indústrias de transformação;1;27;27,0;27
Transmissão de energia elétrica;D - Eletricidade e gás;2;27;13,5;14
Armazéns gerais - emissão de warrant;H - Transporte, armazenagem e correio;2;27;13,5;15
Serviços de manutenção e reparação mecânica de veículos automotores;"G - Comércio; reparação de veículos";2;26;13,0;16
Agências de fomento;K - Atividades financeiras e de seguros;1;26;26,0;26
Serviços de vacinação e imunização humana;Q - Saúde humana e serviços sociais;1;26;26,0;26
Provedores de acesso às redes de comunicações;J - Informação e comunicação;2;26;13,0;15
Cultivos e semicultivos da aqüicultura em água salgada e salobra não especificados anteriormente;A - Agricultura, pecuária, produção florestal, pesca e aquicultura;1;25;25,0;25
Atividade médica ambulatorial restrita a consultas;Q - Saúde humana e serviços sociais;1;24;24,0;24
Extração de madeira em florestas plantadas;A - Agricultura, pecuária, produção florestal, pesca e aquicultura;2;24;12,0;14
Fabricação de letras, letreiros e placas de qualquer material, exceto luminosos;C - Indústrias de transformação;1;24;24,0;24
Comércio atacadista de sorvetes;"G - Comércio; reparação de veículos";1;24;24,0;24
Confecção, sob medida, de roupas profissionais;C - Indústrias de transformação;1;24;24,0;24
Gestão e administração da propriedade imobiliária;L - Atividades imobiliárias;1;24;24,0;24
Comércio varejista de animais vivos e de artigos e alimentos para animais de estimação;"G - Comércio; reparação de veículos";1;24;24,0;24
Comércio atacadista de artigos de escritório e de papelaria;"G - Comércio; reparação de veículos";1;24;24,0;24
Comércio por atacado de caminhões novos e usados;"G - Comércio; reparação de veículos";2;24;12,0;13
Bares e outros estabelecimentos especializados em servir bebidas, sem entretenimento;I - Alojamento e alimentação;1;23;23,0;23
Comércio varejista de outros produtos não especificados anteriormente;"G - Comércio; reparação de veículos";1;23;23,0;23
Transporte rodoviário coletivo de passageiros, sob regime de fretamento, intermunicipal, interestadual e internacional;H - Transporte, armazenagem e correio;1;23;23,0;23
Fabricação de máquinas, equipamentos e aparelhos para transporte e elevação de pessoas, peças e acessórios;C - Indústrias de transformação;1;23;23,0;23
Fabricação de produtos de papel, cartolina, papel-cartão e papelão ondulado para uso comercial e de escritório, exceto formulário contínuo;C - Indústrias de transformação;1;23;23,0;23
Reparação e manutenção de computadores e de equipamentos periféricos;S - Outras atividades de serviços;1;23;23,0;23
Comércio por atacado de pneumáticos e câmaras-de-ar;"G - Comércio; reparação de veículos";2;23;11,5;12
Comércio atacadista de resíduos e sucatas não-metálicos, exceto de papel e papelão;"G - Comércio; reparação de veículos";2;23;11,5;13
Fabricação de sorvetes e outros gelados comestíveis;C - Indústrias de transformação;1;23;23,0;23
Serviços de confecção de armações metálicas para a construção;C - Indústrias de transformação;2;23;11,5;13
Comércio atacadista de soja;"G - Comércio; reparação de veículos";1;22;22,0;22
Frigorífico - abate de bovinos;C - Indústrias de transformação;2;22;11,0;12
Fabricação de geradores de corrente contínua e alternada, peças e acessórios;C - Indústrias de transformação;1;22;22,0;22
Albergues assistenciais;I - Alojamento e alimentação;1;22;22,0;22
Agências de viagens;N - Atividades administrativas e serviços complementares;2;22;11,0;11
Fabricação de outros produtos químicos inorgânicos não especificados anteriormente;C - Indústrias de transformação;1;22;22,0;22
Comércio atacadista de ferragens e ferramentas;"G - Comércio; reparação de veículos";1;22;22,0;22
Comércio a varejo de peças e acessórios novos para veículos automotores;"G - Comércio; reparação de veículos";2;22;11,0;12
Criação de ovinos, inclusive para produção de lã;A - Agricultura, pecuária, produção florestal, pesca e aquicultura;2;22;11,0;12
Cultivo de banana;A - Agricultura, pecuária, produção florestal, pesca e aquicultura;1;21;21,0;21
Serviços de reboque de veículos;H - Transporte, armazenagem e correio;1;21;21,0;21
Ensino de dança;P - Educação;1;21;21,0;21
Fabricação de outros produtos de metal não especificados anteriormente;C - Indústrias de transformação;1;21;21,0;21
Fabricação de móveis com predominância de madeira;C - Indústrias de transformação;1;21;21,0;21
Lojas de departamentos ou magazines, exceto lojas francas (Duty free);"G - Comércio; reparação de veículos";2;21;10,5;11
Cultivo de outras oleaginosas de lavoura temporária não especificadas anteriormente;A - Agricultura, pecuária, produção florestal, pesca e aquicultura;1;21;21,0;21
Fabricação de outros produtos alimentícios não especificados anteriormente;C - Indústrias de transformação;1;20;20,0;20
Comércio varejista de produtos farmacêuticos, sem manipulação de fórmulas;"G - Comércio; reparação de veículos";2;20;10,0;10
Serviços de arquitetura;M - Atividades profissionais, científicas e técnicas;1;20;20,0;20
Comércio a varejo de motocicletas e motonetas novas;"G - Comércio; reparação de veículos";1;20;20,0;20
Educação superior - graduação e pós-graduação;P - Educação;1;20;20,0;20
Fabricação de outras aguardentes e bebidas destiladas;C - Indústrias de transformação;1;19;19,0;19
Perfurações e sondagens;F - Construção;1;19;19,0;19
Representantes comerciais e agentes do comércio de medicamentos, cosméticos e produtos de perfumaria;"G - Comércio; reparação de veículos";1;19;19,0;19
Locação de mão-de-obra temporária;N - Atividades administrativas e serviços complementares;1;19;19,0;19
Fabricação de alimentos e pratos prontos;C - Indústrias de transformação;1;19;19,0;19
Comércio atacadista de roupas e acessórios para uso profissional e de segurança do trabalho;"G - Comércio; reparação de veículos";1;18;18,0;18
Comércio atacadista de vidros, espelhos e vitrais;"G - Comércio; reparação de veículos";1;18;18,0;18
Montagem e desmontagem de andaimes e outras estruturas temporárias;F - Construção;1;18;18,0;18
Comércio atacadista de algodão;"G - Comércio; reparação de veículos";1;18;18,0;18
Atividades de intermediação e agenciamento de serviços e negócios em geral, exceto imobiliários;L - Atividades imobiliárias;1;18;18,0;18
UTI móvel;Q - Saúde humana e serviços sociais;1;18;18,0;18
Comércio varejista de artigos de caça, pesca e camping;"G - Comércio; reparação de veículos";1;17;17,0;17
Comércio a varejo de pneumáticos e câmaras-de-ar;"G - Comércio; reparação de veículos";1;17;17,0;17
Estamparia e texturização em fios, tecidos, artefatos têxteis e peças do vestuário;C - Indústrias de transformação;1;17;17,0;17
Edição integrada à impressão de livros;J - Informação e comunicação;1;17;17,0;17
Administração de obras;F - Construção;1;17;17,0;17
Instalação e manutenção de sistemas centrais de ar condicionado, de ventilação e refrigeração;F - Construção;1;17;17,0;17
Comércio atacadista de resíduos e sucatas metálicos;"G - Comércio; reparação de veículos";1;17;17,0;17
Fornecimento de alimentos preparados preponderantemente para consumo domiciliar;I - Alojamento e alimentação;1;17;17,0;17
Fabricação de açúcar em bruto;C - Indústrias de transformação;1;16;16,0;16
Transporte rodoviário de mudanças;H - Transporte, armazenagem e correio;1;16;16,0;16
Reforma de pneumáticos usados;C - Indústrias de transformação;1;16;16,0;16
Atividades de organizações religiosas;S - Outras atividades de serviços;1;16;16,0;16
Atividades paisagísticas;N - Atividades administrativas e serviços complementares;1;16;16,0;16
Fabricação de amidos e féculas de vegetais;C - Indústrias de transformação;1;16;16,0;16
Fabricação de aguardente de cana-de-açúcar;C - Indústrias de transformação;1;16;16,0;16
Serviços de tomografia;Q - Saúde humana e serviços sociais;1;16;16,0;16
Outras atividades de recreação e lazer não especificadas anteriormente;R - Artes, cultura, esporte e recreação;1;16;16,0;16
Instalações hidráulicas, sanitárias e de gás;F - Construção;1;15;15,0;15
Comércio atacadista de outras máquinas e equipamentos não especificados anteriormente, partes e peças;"G - Comércio; reparação de veículos";1;15;15,0;15
Serviços de capotaria;"G - Comércio; reparação de veículos";1;15;15,0;15
Cultivo de coco-da-baía;A - Agricultura, pecuária, produção florestal, pesca e aquicultura;1;15;15,0;15
Atividades de monitoramento de sistemas de segurança eletronico;N - Atividades administrativas e serviços complementares;1;15;15,0;15
Fabricação de tecidos de malha;C - Indústrias de transformação;1;15;15,0;15
Comércio varejista de materiais hidráulicos;"G - Comércio; reparação de veículos";1;15;15,0;15
Cultivo de melancia;A - Agricultura, pecuária, produção florestal, pesca e aquicultura;1;15;15,0;15
Fabricação de embalagens de material plástico;C - Indústrias de transformação;1;15;15,0;15
Fabricação de fios, cabos e condutores elétricos isolados;C - Indústrias de transformação;1;15;15,0;15
Extração de madeira em florestas nativas;A - Agricultura, pecuária, produção florestal, pesca e aquicultura;1;15;15,0;15
Fabricação de peças e acessórios para o sistema motor de veículos automotores;C - Indústrias de transformação;1;14;14,0;14
Fabricação de produtos derivados do cacau e de chocolates;C - Indústrias de transformação;1;14;14,0;14
Comércio varejista de outros artigos de uso doméstico não especificados anteriormente;"G - Comércio; reparação de veículos";1;14;14,0;14
Fabricação de produtos químicos orgânicos não especificados anteriormente;C - Indústrias de transformação;1;14;14,0;14
Atividades de fornecimento de infra-estrutura de apoio e assistência a paciente no domicílio;Q - Saúde humana e serviços sociais;1;14;14,0;14
Comércio varejista de cal, areia, pedra britada, tijolos e telhas;"G - Comércio; reparação de veículos";1;14;14,0;14
Atividades de apoio à produção florestal;A - Agricultura, pecuária, produção florestal, pesca e aquicultura;1;14;14,0;14
Aparelhamento de placas e execução de trabalhos em mármore, granito, ardósia e outras pedras;C - Indústrias de transformação;1;14;14,0;14
Aparelhamento de pedras para construção, exceto associado à extração;B - Indústrias extrativas;1;14;14,0;14
Fabricação de motores e turbinas, peças e acessórios, exceto para aviões e veículos rodoviários;C - Indústrias de transformação;1;14;14,0;14
Extração de areia, cascalho ou pedregulho e beneficiamento associado;B - Indústrias extrativas;1;14;14,0;14
Fabricação de artigos de serralheria, exceto esquadrias;C - Indústrias de transformação;1;14;14,0;14
Motéis;I - Alojamento e alimentação;1;14;14,0;14
Obras de fundações;F - Construção;1;14;14,0;14
Fabricação de álcool;C - Indústrias de transformação;1;14;14,0;14
Construção de barragens e represas para geração de energia elétrica;D - Eletricidade e gás;1;14;14,0;14
Comércio atacadista de bebidas com atividade de fracionamento e acondicionamento associada;"G - Comércio; reparação de veículos";1;14;14,0;14
Preparação de massa de concreto e argamassa para construção;C - Indústrias de transformação;1;14;14,0;14
Fabricação de tintas, vernizes, esmaltes e lacas;C - Indústrias de transformação;1;13;13,0;13
Atividades veterinárias;M - Atividades profissionais, científicas e técnicas;1;13;13,0;13
Fabricação de esquadrias de metal;C - Indústrias de transformação;1;13;13,0;13
Cultivo de cana-de-açúcar;A - Agricultura, pecuária, produção florestal, pesca e aquicultura;1;13;13,0;13
Atividades de sonorização e de iluminação;M - Atividades profissionais, científicas e técnicas;1;13;13,0;13
Serviços de alinhamento e balanceamento de veículos automotores;"G - Comércio; reparação de veículos";1;13;13,0;13
Beneficiamento de arroz;C - Indústrias de transformação;1;13;13,0;13
Comércio varejista de artigos de óptica;"G - Comércio; reparação de veículos";1;13;13,0;13
Manutenção e reparação de aparelhos eletromédicos e eletroterapêuticos e equipamentos de irradiação;C - Indústrias de transformação;1;13;13,0;13
Fabricação de cervejas e chopes;C - Indústrias de transformação;1;13;13,0;13
Comércio atacadista de produtos de higiene pessoal;"G - Comércio; reparação de veículos";1;13;13,0;13
Facção de peças do vestuário, exceto roupas íntimas;C - Indústrias de transformação;1;13;13,0;13
Imunização e controle de pragas urbanas;N - Atividades administrativas e serviços complementares;1;13;13,0;13
Lojas de variedades, exceto lojas de departamentos ou magazines;"G - Comércio; reparação de veículos";1;13;13,0;13
Comércio atacadista de carnes e derivados de outros animais;"G - Comércio; reparação de veículos";1;12;12,0;12
Atividades auxiliares dos transportes aéreos, exceto operação dos aeroportos e campos de aterrissagem;H - Transporte, armazenagem e correio;1;12;12,0;12
Agências de publicidade;M - Atividades profissionais, científicas e técnicas;1;12;12,0;12
Outras obras de acabamento da construção;F - Construção;1;12;12,0;12
Serviços de alimentação para eventos e recepções - bufê;I - Alojamento e alimentação;1;12;12,0;12
Casas de festas e eventos;R - Artes, cultura, esporte e recreação;1;12;12,0;12
Outras atividades de serviços pessoais não especificadas anteriormente;S - Outras atividades de serviços;1;12;12,0;12
Instalação de portas, janelas, tetos, divisórias e armários embutidos de qualquer material;F - Construção;1;12;12,0;12
Fabricação de tecidos especiais, inclusive artefatos;C - Indústrias de transformação;1;12;12,0;12
Comércio atacadista de calçados;"G - Comércio; reparação de veículos";1;12;12,0;12
Atividades de fonoaudiologia;Q - Saúde humana e serviços sociais;1;12;12,0;12
Atividades de produção cinematográfica, de vídeos e de programas de televisão não especificadas anteriormente;J - Informação e comunicação;1;12;12,0;12
Obras de acabamento em gesso e estuque;F - Construção;1;12;12,0;12
Manutenção e reparação de máquinas e aparelhos de refrigeração e ventilação para uso industrial e comercial;C - Indústrias de transformação;1;11;11,0;11
Serviços de prótese dentária;C - Indústrias de transformação;1;11;11,0;11
Educação superior - pós-graduação e extensão;P - Educação;1;11;11,0;11
Atividades auxiliares da justiça;O - Administração pública, defesa e seguridade social;1;11;11,0;11
Comércio atacadista de cimento;"G - Comércio; reparação de veículos";1;11;11,0;11
Confecção de roupas profissionais, exceto sob medida;C - Indústrias de transformação;1;11;11,0;11
Comércio varejista de produtos farmacêuticos, com manipulação de fórmulas;"G - Comércio; reparação de veículos";1;11;11,0;11
Montagem e instalação de sistemas e equipamentos de iluminação e sinalização em vias públicas, portos e aeroportos;F - Construção;1;11;11,0;11
Atividades de exibição cinematográfica;J - Informação e comunicação;1;11;11,0;11
Comercio varejista de artigos de armarinho;"G - Comércio; reparação de veículos";1;11;11,0;11
Preparação de subprodutos do abate;C - Indústrias de transformação;1;11;11,0;11
Comércio atacadista de instrumentos e materiais para uso médico, cirúrgico, hospitalar e de laboratórios;"G - Comércio; reparação de veículos";1;11;11,0;11
Serviços de entrega rápida;H - Transporte, armazenagem e correio;1;10;10,0;10
Transporte rodoviário de produtos perigosos;H - Transporte, armazenagem e correio;1;10;10,0;10
Fabricação de pós alimentícios;C - Indústrias de transformação;1;10;10,0;10
Comércio varejista de medicamentos veterinários;"G - Comércio; reparação de veículos";1;10;10,0;10
Comércio atacadista de pescados e frutos do mar;"G - Comércio; reparação de veículos";1;10;10,0;10
Comércio atacadista de outros produtos químicos e petroquímicos não especificados anteriormente;"G - Comércio; reparação de veículos";1;10;10,0;10
Confecção, sob medida, de peças do vestuário, exceto roupas íntimas;C - Indústrias de transformação;1;10;10,0;10
Comércio varejista especializado de equipamentos e suprimentos de informática;"G - Comércio; reparação de veículos";1;10;10,0;10
Comércio atacadista de bicicletas, triciclos e outros veículos recreativos;"G - Comércio; reparação de veículos";1;10;10,0;10
Comércio atacadista de materiais de construção em geral;"G - Comércio; reparação de veículos";1;10;10,0;10
Comércio atacadista de componentes eletrônicos e equipamentos de telefonia e comunicação;"G - Comércio; reparação de veículos";1;10;10,0;10
Atividades de fisioterapia;Q - Saúde humana e serviços sociais;1;10;10,0;10
Manutenção e reparação de equipamentos de transmissão para fins industriais;C - Indústrias de transformação;1;10;10,0;10
Comércio atacadista de defensivos agrícolas, adubos, fertilizantes e corretivos do solo;"G - Comércio; reparação de veículos";1;10;10,0;10
Comércio a varejo de automóveis, camionetas e utilitários novos;"G - Comércio; reparação de veículos";1;10;10,0;10
Comercio varejista de artigos de cama, mesa e banho;"G - Comércio; reparação de veículos";1;10;10,0;10
Recondicionamento e recuperação de motores para veículos automotores;C - Indústrias de transformação;1;10;10,0;10
Representantes comerciais e agentes do comércio de peças e acessórios novos e usados para veículos automotores;"G - Comércio; reparação de veículos";1;10;10,0;10
Treinamento em desenvolvimento profissional e gerencial;P - Educação;1;10;10,0;10
