NM_MUN;setores;vinculos;maior
Teresina;77;7091;1581
Parnaíba;59;4028;1167
Piripiri;35;2105;506
Picos;48;1960;338
Floriano;41;1949;361
Bom Jesus;31;1884;710
Uruçuí;37;1790;391
Campo Maior;24;1679;976
Altos;21;1504;633
Buriti dos Lopes;11;1454;1183
Esperantina;30;1207;454
Baixa Grande do Ribeiro;21;1082;250
Piracuruca;13;934;562
Caridade do Piauí;3;875;805
Nazária;12;830;318
União;17;794;208
Bom Princípio do Piauí;3;783;390
Corrente;23;729;111
Itainópolis;7;705;374
Joaquim Pires;4;668;361
Pedro II;16;662;275
Cocal;8;654;386
Oeiras;18;631;79
Guadalupe;14;630;187
Simões;11;622;258
José de Freitas;22;589;104
Monsenhor Gil;9;571;310
Morro Cabeça no Tempo;2;552;536
Caracol;5;547;379
Água Branca;17;537;93
Ribeiro Gonçalves;9;524;273
Santo Antônio de Lisboa;7;520;270
Lagoa do Barro do Piauí;3;506;408
Fronteiras;5;495;418
São João do Piauí;20;490;94
Cajueiro da Praia;10;481;253
Demerval Lobão;15;457;162
São Raimundo Nonato;18;450;75
Barras;20;449;110
Padre Marcos;3;443;349
Anísio de Abreu;4;417;374
São João do Arraial;2;412;388
Nazaré do Piauí;6;391;145
Valença do Piauí;11;375;149
Paulistana;13;367;104
Wall Ferraz;2;359;346
Elesbão Veloso;10;356;176
Alto Longá;6;347;182
Fartura do Piauí;3;344;223
Nossa Senhora dos Remédios;3;324;286
Betânia do Piauí;2;318;270
Santa Filomena;7;314;139
Matias Olímpio;2;313;298
Sussuapara;4;312;204
Inhuma;5;299;228
Luzilândia;7;284;175
Canavieira;3;284;143
Boqueirão do Piauí;1;277;277
Capitão Gervásio Oliveira;3;270;172
Dirceu Arcoverde;4;268;182
Vila Nova do Piauí;5;268;190
Luís Correia;13;258;50
Currais;5;257;96
São José do Piauí;4;248;172
Riacho Frio;4;246;161
Lagoa do Piauí;6;237;96
Pau D'Arco do Piauí;2;235;158
Caxingó;3;234;153
São Lourenço do Piauí;2;231;169
Landri Sales;2;230;149
Juazeiro do Piauí;3;229;131
Canto do Buriti;8;220;99
Ilha Grande;5;203;95
Regeneração;10;201;57
Curral Novo do Piauí;3;198;154
Monte Alegre do Piauí;5;198;82
Aroeiras do Itaim;2;195;135
Campinas do Piauí;1;195;195
Gilbués;9;189;51
Jatobá do Piauí;2;185;175
Francisco Ayres;2;182;99
Miguel Alves;10;180;31
Marcolândia;8;180;57
Cocal de Telha;3;169;123
Batalha;6;169;86
Amarante;5;164;100
Itaueira;6;164;73
Santa Cruz do Piauí;5;164;60
Vera Mendes;2;163;125
Domingos Mourão;1;162;162
Curimatá;6;157;58
Cristino Castro;7;155;75
Castelo do Piauí;8;147;36
Cristalândia do Piauí;2;143;124
Dom Inocêncio;3;137;108
Pajeú do Piauí;3;134;79
Santo Inácio do Piauí;3;133;68
Tamboril do Piauí;2;130;76
Sebastião Leal;6;128;39
São Pedro do Piauí;3;128;86
Bertolínia;4;122;73
São José do Divino;2;119;85
Antônio Almeida;1;119;119
Barro Duro;5;117;51
Pio IX;6;116;42
Brejo do Piauí;2;113;92
Coronel José Dias;4;112;46
Simplício Mendes;6;109;33
Arraial;2;106;87
São Miguel do Tapuio;6;106;26
Queimada Nova;4;106;51
Marcos Parente;2;105;92
Curralinhos;3;100;55
Júlio Borges;1;96;96
São João da Fronteira;1;95;95
Nova Santa Rita;1;94;94
Santa Luz;3;93;64
Belém do Piauí;2;93;58
São Gonçalo do Piauí;3;91;48
Conceição do Canindé;1;88;88
Miguel Leão;2;79;45
São Gonçalo do Gurguéia;4;79;29
Santana do Piauí;1;76;76
Jacobina do Piauí;2;73;39
Geminiano;4;72;26
Campo Largo do Piauí;1;68;68
Santa Rosa do Piauí;2;68;38
Lagoinha do Piauí;4;65;20
Cabeceiras do Piauí;4;64;26
Jaicós;4;64;23
Ribeira do Piauí;2;63;51
Ipiranga do Piauí;3;63;40
Jerumenha;4;62;21
Palmeirais;4;62;18
Pedro Laurentino;2;61;46
Lagoa de São Francisco;1;57;57
Angical do Piauí;4;57;19
São Julião;3;54;22
Acauã;3;54;24
Manoel Emídio;2;53;33
Eliseu Martins;4;51;21
Milton Brandão;1;50;50
Palmeira do Piauí;2;48;36
Beneditinos;2;47;37
Monsenhor Hipólito;1;47;47
Colônia do Piauí;3;46;18
Colônia do Gurguéia;2;46;32
Isaías Coelho;4;45;13
Parnaguá;2;45;29
Passagem Franca do Piauí;2;42;29
Sebastião Barros;2;42;28
Francinópolis;3;41;19
Brasileira;1;40;40
São Braz do Piauí;3;40;16
João Costa;2;39;20
Barreiras do Piauí;2;39;26
Dom Expedito Lopes;2;36;19
São José do Peixe;2;35;19
Buriti dos Montes;2;34;21
Porto;2;34;23
Jurema;1;30;30
São João da Serra;2;30;20
Campo Grande do Piauí;1;30;30
Patos do Piauí;1;29;29
São Luis do Piauí;1;29;29
Capitão de Campos;2;26;15
Lagoa Alegre;2;26;14
Alegrete do Piauí;1;25;25
Francisco Santos;2;23;13
Campo Alegre do Fidalgo;2;22;11
Porto Alegre do Piauí;1;21;21
Guaribas;1;20;20
Redenção do Gurguéia;2;20;10
Caraúbas do Piauí;1;19;19
Paes Landim;1;18;18
Socorro do Piauí;1;16;16
Santa Cruz dos Milagres;1;16;16
São Francisco de Assis do Piauí;1;14;14
Caldeirão Grande do Piauí;1;12;12
Alagoinha do Piauí;1;11;11
Boa Hora;1;10;10
Paquetá;1;10;10
