subclasse;municipios;total;mediana;maior
Tambacu tambatinga;78;13837;110,0;1006
Tilápia;82;8607;22,0;1466
Tambaqui;84;5690;32,0;832
Mel de abelha;27;4871;20,0;3177
Camarão;1;3902;3902,0;3902
Outros peixes;66;3205;20,5;608
Alevinos;3;1896;100,0;1795
Curimatã curimbatá;8;496;5,5;303
Jatuarana piabanha e piracanjuba;1;278;278,0;278
Pintado cachara cachapira e pintachara surubim;5;262;19,0;150
Piau piapara piauçu piava;6;146;19,0;66
Bubalino;4;129;32,5;54
Pirarucu;2;62;31,0;60
Carpa;2;15;7,5;11
Traíra e trairão;1;2;2,0;2
