NM_MUN;setores;vinculos;setores_sig;pct_sig
Teresina;191;7408;77;40,3
Parnaíba;188;4362;59;31,4
Picos;182;2404;48;26,4
Floriano;141;2223;41;29,1
Piripiri;132;2368;35;26,5
Bom Jesus;124;2178;31;25,0
Uruçuí;116;2007;37;31,9
Campo Maior;115;1929;24;20,9
Altos;112;1758;21;18,8
Corrente;99;954;23;23,2
São Raimundo Nonato;96;698;18;18,8
Oeiras;95;851;18;18,9
Piracuruca;95;1187;13;13,7
Esperantina;92;1382;30;32,6
União;81;953;17;21,0
Água Branca;80;706;17;21,2
Pedro II;79;845;16;20,3
Barras;75;589;20;26,7
Baixa Grande do Ribeiro;74;1240;21;28,4
Valença do Piauí;73;525;11;15,1
José de Freitas;73;736;22;30,1
São João do Piauí;72;633;20;27,8
Demerval Lobão;66;596;15;22,7
Paulistana;66;533;13;19,7
Luís Correia;65;383;13;20,0
Cajueiro da Praia;63;631;10;15,9
Canto do Buriti;58;368;8;13,8
Gilbués;53;327;9;17,0
Cocal;52;765;8;15,4
Simplício Mendes;52;238;6;11,5
Elesbão Veloso;51;479;10;19,6
Castelo do Piauí;49;247;8;16,3
Regeneração;47;299;10;21,3
Cristino Castro;45;261;7;15,6
Amarante;44;262;5;11,4
Guadalupe;42;711;14;33,3
Luzilândia;41;383;7;17,1
Buriti dos Lopes;40;1549;11;27,5
Batalha;39;268;6;15,4
Pio IX;38;209;6;15,8
Curimatá;37;235;6;16,2
Alto Longá;36;431;6;16,7
Queimada Nova;36;193;4;11,1
Monsenhor Gil;36;632;9;25,0
Beneditinos;36;158;2;5,6
Simões;35;681;11;31,4
Nazária;35;892;12;34,3
Jaicós;35;145;4;11,4
Miguel Alves;34;252;10;29,4
Inhuma;34;378;5;14,7
Colônia do Gurguéia;31;119;2;6,5
Itaueira;31;233;6;19,4
Ribeiro Gonçalves;31;604;9;29,0
Marcolândia;31;243;8;25,8
Brasileira;30;109;1;3,3
São Miguel do Tapuio;28;159;6;21,4
Capitão de Campos;28;110;2;7,1
Monte Alegre do Piauí;27;263;5;18,5
Joaquim Pires;27;725;4;14,8
Angical do Piauí;27;130;4;14,8
Sussuapara;27;363;4;14,8
Anísio de Abreu;26;464;4;15,4
São Pedro do Piauí;26;189;3;11,5
Itainópolis;25;739;7;28,0
Caracol;25;610;5;20,0
Parnaguá;24;122;2;8,3
Fronteiras;24;552;5;20,8
Dom Expedito Lopes;24;97;2;8,3
Santa Filomena;23;373;7;30,4
Lagoa do Barro do Piauí;23;564;3;13,0
Marcos Parente;23;150;2;8,7
Palmeirais;22;118;4;18,2
Manoel Emídio;22;92;2;9,1
Agricolândia;21;50;0;0,0
Matias Olímpio;21;360;2;9,5
Pimenteiras;21;52;0;0,0
Aroazes;20;41;0;0,0
Dirceu Arcoverde;20;304;4;20,0
Francisco Santos;20;64;2;10,0
Eliseu Martins;20;80;4;20,0
Nazaré do Piauí;20;427;6;30,0
Colônia do Piauí;20;78;3;15,0
São João da Serra;20;75;2;10,0
Santo Antônio de Lisboa;19;549;7;36,8
Redenção do Gurguéia;19;61;2;10,5
São João da Fronteira;19;135;1;5,3
Ipiranga do Piauí;19;100;3;15,8
Bom Princípio do Piauí;19;827;3;15,8
Lagoa do Piauí;19;278;6;31,6
Sebastião Leal;19;180;6;31,6
Bertolínia;18;144;4;22,2
Antônio Almeida;18;166;1;5,6
Lagoa Alegre;18;75;2;11,1
Ilha Grande;17;234;5;29,4
Caxingó;17;272;3;17,6
Dom Inocêncio;17;169;3;17,6
Santa Cruz do Piauí;17;193;5;29,4
Curralinhos;17;141;3;17,6
Cabeceiras do Piauí;17;96;4;23,5
Landri Sales;17;273;2;11,8
Santa Cruz dos Milagres;17;38;1;5,9
Porto;17;85;2;11,8
São Gonçalo do Piauí;17;136;3;17,6
Canavieira;16;326;3;18,8
Palmeira do Piauí;16;82;2;12,5
São José do Piauí;16;271;4;25,0
Campo Largo do Piauí;16;105;1;6,2
Coronel José Dias;16;137;4;25,0
Buriti dos Montes;15;62;2;13,3
Barro Duro;15;140;5;33,3
Rio Grande do Piauí;15;31;0;0,0
Betânia do Piauí;15;363;2;13,3
Jacobina do Piauí;15;106;2;13,3
São Gonçalo do Gurguéia;15;101;4;26,7
Caraúbas do Piauí;14;59;1;7,1
Curral Novo do Piauí;14;237;3;21,4
São José do Divino;14;148;2;14,3
Santa Luz;14;125;3;21,4
Cristalândia do Piauí;14;173;2;14,3
Boa Hora;14;33;1;7,1
Boqueirão do Piauí;14;309;1;7,1
Juazeiro do Piauí;14;267;3;21,4
Padre Marcos;14;468;3;21,4
Sigefredo Pacheco;13;26;0;0,0
Nossa Senhora de Nazaré;13;33;0;0,0
Nossa Senhora dos Remédios;13;365;3;23,1
Riacho Frio;13;264;4;30,8
São Julião;13;65;3;23,1
Jerumenha;13;93;4;30,8
Coivaras;13;49;0;0,0
Alagoinha do Piauí;13;42;1;7,7
Campo Alegre do Fidalgo;13;49;2;15,4
Geminiano;13;102;4;30,8
Francisco Ayres;13;201;2;15,4
Paes Landim;13;51;1;7,7
Pedro Laurentino;13;89;2;15,4
Barreiras do Piauí;12;71;2;16,7
Vila Nova do Piauí;12;280;5;41,7
Santa Rosa do Piauí;12;97;2;16,7
São José do Peixe;12;57;2;16,7
Prata do Piauí;12;29;0;0,0
Alvorada do Gurguéia;12;41;0;0,0
Caridade do Piauí;12;905;3;25,0
Francinópolis;12;55;3;25,0
Acauã;12;68;3;25,0
Currais;12;278;5;41,7
Jatobá do Piauí;11;205;2;18,2
Monsenhor Hipólito;11;71;1;9,1
Novo Oriente do Piauí;11;25;0;0,0
Sebastião Barros;11;62;2;18,2
Arraial;11;120;2;18,2
Bela Vista do Piauí;11;31;0;0,0
Cajazeiras do Piauí;11;17;0;0,0
Cocal de Telha;11;191;3;27,3
Capitão Gervásio Oliveira;11;290;3;27,3
São Lourenço do Piauí;11;250;2;18,2
São Félix do Piauí;11;22;0;0,0
São Francisco do Piauí;11;29;0;0,0
Hugo Napoleão;10;26;0;0,0
Flores do Piauí;10;20;0;0,0
Wall Ferraz;10;372;2;20,0
Vera Mendes;10;184;2;20,0
Bocaina;10;29;0;0,0
Avelino Lopes;10;37;0;0,0
Júlio Borges;10;123;1;10,0
Jardim do Mulato;10;13;0;0,0
Patos do Piauí;10;40;1;10,0
Pau D'Arco do Piauí;10;254;2;20,0
São João do Arraial;10;434;2;20,0
Santo Inácio do Piauí;10;150;3;30,0
Tamboril do Piauí;10;144;2;20,0
São João da Varjota;9;19;0;0,0
Ribeira do Piauí;9;77;2;22,2
Nova Santa Rita;9;100;1;11,1
Olho D'Água do Piauí;9;13;0;0,0
Pajeú do Piauí;9;142;3;33,3
Conceição do Canindé;9;105;1;11,1
Domingos Mourão;9;181;1;11,1
Socorro do Piauí;9;38;1;11,1
Massapê do Piauí;8;20;0;0,0
São Braz do Piauí;8;46;3;37,5
Várzea Grande;8;17;0;0,0
Santana do Piauí;8;83;1;12,5
Morro do Chapéu do Piauí;8;20;0;0,0
Pavussu;8;12;0;0,0
Murici dos Portelas;8;27;0;0,0
Barra D'Alcântara;8;16;0;0,0
Isaías Coelho;8;64;4;50,0
Cocal dos Alves;8;21;0;0,0
Campo Grande do Piauí;8;42;1;12,5
Fartura do Piauí;7;356;3;42,9
Assunção do Piauí;7;29;0;0,0
São Francisco de Assis do Piauí;7;25;1;14,3
Campinas do Piauí;7;219;1;14,3
Miguel Leão;7;89;2;28,6
Passagem Franca do Piauí;7;57;2;28,6
Lagoa de São Francisco;7;77;1;14,3
Lagoinha do Piauí;7;68;4;57,1
Morro Cabeça no Tempo;7;572;2;28,6
Paquetá;7;26;1;14,3
Guaribas;7;44;1;14,3
Várzea Branca;6;16;0;0,0
Novo Santo Antônio;6;20;0;0,0
Porto Alegre do Piauí;6;32;1;16,7
Jurema;6;52;1;16,7
Alegrete do Piauí;6;31;1;16,7
Aroeiras do Itaim;6;202;2;33,3
Caldeirão Grande do Piauí;6;21;1;16,7
São João da Canabrava;6;12;0;0,0
São Miguel da Baixa Grande;6;8;0;0,0
Joca Marques;6;9;0;0,0
Lagoa do Sítio;6;16;0;0,0
João Costa;6;45;2;33,3
Belém do Piauí;5;108;2;40,0
Tanque do Piauí;5;22;0;0,0
Brejo do Piauí;5;122;2;40,0
Madeiro;5;10;0;0,0
Milton Brandão;4;55;1;25,0
Francisco Macedo;4;9;0;0,0
Floresta do Piauí;4;7;0;0,0
Bonfim do Piauí;3;7;0;0,0
São Luis do Piauí;3;31;1;33,3
Santo Antônio dos Milagres;1;1;0;0,0
São Miguel do Fidalgo;1;2;0;0,0
