NM_MUN;subclasse;secao_nome;estoque;coorte
Teresina;Lojas de departamentos ou magazines, exceto lojas francas (Duty free);"G - Comércio; reparação de veículos";1581;4. Emergência 2014-2018 (presente desde ~2018)
Buriti dos Lopes;Regulação das atividades de saúde, educação, serviços culturais e outros serviços sociais;O - Administração pública, defesa e seguridade social;1183;1. Emergência recente (ausente até 2022)
Parnaíba;Atividades de atendimento em pronto-socorro e unidades hospitalares para atendimento a urgências;Q - Saúde humana e serviços sociais;1167;1. Emergência recente (ausente até 2022)
Campo Maior;Regulação das atividades de saúde, educação, serviços culturais e outros serviços sociais;O - Administração pública, defesa e seguridade social;976;1. Emergência recente (ausente até 2022)
Caridade do Piauí;Ensino fundamental;P - Educação;805;1. Emergência recente (ausente até 2022)
Bom Jesus;Regulação das atividades de saúde, educação, serviços culturais e outros serviços sociais;O - Administração pública, defesa e seguridade social;710;3. Emergência 2019-2022 (presente em 2022)
Teresina;Defesa Civil;O - Administração pública, defesa e seguridade social;647;3. Emergência 2019-2022 (presente em 2022)
Altos;Comércio atacadista de mercadorias em geral, com predominância de produtos alimentícios;"G - Comércio; reparação de veículos";633;3. Emergência 2019-2022 (presente em 2022)
Piracuruca;Atividades de apoio à gestão de saúde;Q - Saúde humana e serviços sociais;562;1. Emergência recente (ausente até 2022)
Morro Cabeça no Tempo;Administração pública em geral;O - Administração pública, defesa e seguridade social;536;3. Emergência 2019-2022 (presente em 2022)
Teresina;Defesa;O - Administração pública, defesa e seguridade social;527;4. Emergência 2014-2018 (presente desde ~2018)
Piripiri;Atividades de atendimento hospitalar, exceto pronto-socorro e unidades para atendimento a urgências;Q - Saúde humana e serviços sociais;506;1. Emergência recente (ausente até 2022)
Teresina;Bares e outros estabelecimentos especializados em servir bebidas, sem entretenimento;I - Alojamento e alimentação;455;4. Emergência 2014-2018 (presente desde ~2018)
Esperantina;Outras atividades de atenção à saúde humana não especificadas anteriormente;Q - Saúde humana e serviços sociais;454;1. Emergência recente (ausente até 2022)
Teresina;Comércio a varejo de peças e acessórios novos para motocicletas e motonetas;"G - Comércio; reparação de veículos";428;4. Emergência 2014-2018 (presente desde ~2018)
Fronteiras;Regulação das atividades de saúde, educação, serviços culturais e outros serviços sociais;O - Administração pública, defesa e seguridade social;418;1. Emergência recente (ausente até 2022)
Lagoa do Barro do Piauí;Construção de estações e redes de distribuição de energia elétrica;D - Eletricidade e gás;408;1. Emergência recente (ausente até 2022)
Uruçuí;Atividades de práticas integrativas e complementares em saúde humana;Q - Saúde humana e serviços sociais;391;1. Emergência recente (ausente até 2022)
Bom Princípio do Piauí;Atividades de práticas integrativas e complementares em saúde humana;Q - Saúde humana e serviços sociais;390;1. Emergência recente (ausente até 2022)
São João do Arraial;Administração pública em geral;O - Administração pública, defesa e seguridade social;388;4. Emergência 2014-2018 (presente desde ~2018)
Cocal;Regulação das atividades de saúde, educação, serviços culturais e outros serviços sociais;O - Administração pública, defesa e seguridade social;386;1. Emergência recente (ausente até 2022)
Parnaíba;Fornecimento e gestão de recursos humanos para terceiros;N - Atividades administrativas e serviços complementares;380;1. Emergência recente (ausente até 2022)
Caracol;Outras atividades de ensino não especificadas anteriormente;P - Educação;379;2. Reemergência/intermitente (ausente em 2022, presente antes)
Bom Princípio do Piauí;Atividades de apoio à educação, exceto caixas escolares;P - Educação;379;1. Emergência recente (ausente até 2022)
Teresina;Atividades de monitoramento de sistemas de segurança eletronico;N - Atividades administrativas e serviços complementares;378;4. Emergência 2014-2018 (presente desde ~2018)
Itainópolis;Regulação das atividades de saúde, educação, serviços culturais e outros serviços sociais;O - Administração pública, defesa e seguridade social;374;1. Emergência recente (ausente até 2022)
Anísio de Abreu;Regulação das atividades de saúde, educação, serviços culturais e outros serviços sociais;O - Administração pública, defesa e seguridade social;374;1. Emergência recente (ausente até 2022)
Joaquim Pires;Ensino fundamental;P - Educação;361;3. Emergência 2019-2022 (presente em 2022)
Floriano;Comércio atacadista de cerveja, chope e refrigerante;"G - Comércio; reparação de veículos";361;3. Emergência 2019-2022 (presente em 2022)
Padre Marcos;Regulação das atividades de saúde, educação, serviços culturais e outros serviços sociais;O - Administração pública, defesa e seguridade social;349;1. Emergência recente (ausente até 2022)
