rank;par;I_est;I_ss;aa_est;aa_ss;aa_conv;municipios_conv
1;Condomínios prediais × Hotéis;0,2307;0,2567;3;3;3;"Cajueiro da Praia; Luís Correia; Parnaíba"
2;Criação de bovinos para corte × Cultivo de milho;0,231;0,2242;6;6;6;"Baixa Grande do Ribeiro; Bom Jesus; Currais; Ribeiro Gonçalves; Santa Filomena; Uruçuí"
3;Formação de condutores × Serviços combinados de escritório e apoio administrativo;0,1812;0,2306;3;3;3;"Cajueiro da Praia; Ilha Grande; Parnaíba"
4;Criação de bovinos para corte × Cultivo de arroz;0,211;0,2004;10;8;8;"Baixa Grande do Ribeiro; Bom Jesus; Cristino Castro; Currais; Gilbués; Monte Alegre do Piauí; Palmeira do Piauí; Redenção do Gurguéia"
5;Comércio varejista de animais vivos e de artigos e alimentos para animais de estimação × Serviços combinados de escritório e apoio administrativo;0,1773;0,1874;5;5;5;"Altos; Cajueiro da Praia; Ilha Grande; Nossa Senhora dos Remédios; Teresina"
6;Criação de bovinos para corte × Cultivo de soja;0,176;0,179;12;13;11;"Alvorada do Gurguéia; Antônio Almeida; Baixa Grande do Ribeiro; Cristino Castro; Landri Sales; Monte Alegre do Piauí; Nazária; Palmeira do Piauí; Ribeiro Gonçalves; Sebastião Leal; Uruçuí"
7;Comércio varejista de animais vivos e de artigos e alimentos para animais de estimação × Obras de urbanização - ruas, praças e calçadas;0,1699;0,1687;7;9;7;"Altos; Barras; Demerval Lobão; José de Freitas; Nazária; Teresina; União"
8;Comércio varejista especializado de equipamentos e suprimentos de informática × Criação de bovinos para corte;0,1574;0,1739;6;6;5;"Baixa Grande do Ribeiro; Currais; Ilha Grande; Ribeiro Gonçalves; Santa Filomena"
9;Hotéis × Serviços combinados de escritório e apoio administrativo;0,1476;0,1768;2;2;2;"Cajueiro da Praia; Ilha Grande"
10;Comércio varejista de animais vivos e de artigos e alimentos para animais de estimação × Restaurantes e similares;0,1461;0,1761;8;8;8;"Altos; Cajueiro da Praia; Demerval Lobão; José de Freitas; Luís Correia; Nazária; Teresina; União"
11;Comércio varejista de artigos do vestuário e acessórios × Serviços combinados de escritório e apoio administrativo;0,1516;0,1644;3;4;3;"Ilha Grande; Nossa Senhora dos Remédios; Teresina"
12;Comércio varejista de artigos do vestuário e acessórios × Construção de rodovias e ferrovias;0,1523;0,1591;12;8;7;"Altos; Cajueiro da Praia; Demerval Lobão; José de Freitas; Palmeirais; Ribeiro Gonçalves; União"
13;Comércio varejista de bebidas × Promoção de vendas;0,1591;0,1445;7;6;6;"Altos; Campo Maior; Demerval Lobão; José de Freitas; Teresina; União"
14;Restaurantes e similares × Serviços combinados de escritório e apoio administrativo;0,144;0,1593;4;4;4;"Altos; Cajueiro da Praia; Ilha Grande; Teresina"
15;Comércio varejista de mercadorias em geral, com predominância de produtos alimentícios - hipermercados × Obras de urbanização - ruas, praças e calçadas;0,151;0,1411;7;7;7;"Altos; Demerval Lobão; Nazária; Paquetá; Santa Cruz do Piauí; Teresina; União"
16;Obras de urbanização - ruas, praças e calçadas × Padaria e confeitaria com predominância de revenda;0,152;0,1395;8;9;8;"Altos; Batalha; Demerval Lobão; José de Freitas; Lagoa Alegre; Nazária; Teresina; União"
17;Comércio varejista de bebidas × Obras de urbanização - ruas, praças e calçadas;0,1607;0,1251;7;5;5;"Altos; Lagoa Alegre; Nazária; Teresina; União"
18;Comércio varejista de artigos de papelaria × Obras de urbanização - ruas, praças e calçadas;0,1463;0,1341;5;6;5;"Altos; Lagoa Alegre; Nazária; Teresina; União"
19;Educação infantil - pré-escola × Obras de urbanização - ruas, praças e calçadas;0,1552;0,121;10;8;8;"Altos; Barras; Batalha; Demerval Lobão; José de Freitas; Nazária; Teresina; União"
20;Comércio varejista de animais vivos e de artigos e alimentos para animais de estimação × Comércio varejista de gás liqüefeito de petróleo (GLP);0,149;0,1225;10;7;7;"Demerval Lobão; Ilha Grande; José de Freitas; Nazária; Palmeirais; Teresina; União"
21;Comércio varejista de animais vivos e de artigos e alimentos para animais de estimação × Promoção de vendas;0,1232;0,1426;5;5;5;"Altos; Campo Maior; Demerval Lobão; José de Freitas; Teresina"
22;Comércio varejista de animais vivos e de artigos e alimentos para animais de estimação × Criação de frangos para corte;0,098;0,1549;5;4;3;"Altos; José de Freitas; Teresina"
23;Comércio varejista de animais vivos e de artigos e alimentos para animais de estimação × Comércio varejista de bebidas;0,126;0,1244;7;7;6;"Altos; Cajueiro da Praia; Demerval Lobão; José de Freitas; Teresina; União"
24;Educação infantil - pré-escola × Promoção de vendas;0,1317;0,1183;7;6;6;"Altos; Campo Maior; Demerval Lobão; José de Freitas; Teresina; União"
25;Comércio varejista de artigos de papelaria × Promoção de vendas;0,1141;0,1288;5;5;5;"Altos; Campo Maior; José de Freitas; Teresina; União"
26;Comércio varejista de animais vivos e de artigos e alimentos para animais de estimação × Educação infantil - pré-escola;0,124;0,1187;9;7;7;"Altos; Barras; Batalha; Demerval Lobão; José de Freitas; Teresina; União"
27;Comércio varejista de gás liqüefeito de petróleo (GLP) × Comércio varejista de mercadorias em geral, com predominância de produtos alimentícios - hipermercados;0,1137;0,1138;4;4;4;"Altos; Demerval Lobão; Teresina; União"
28;Comércio varejista de mercadorias em geral, com predominância de produtos alimentícios - minimercados, mercearias e armazéns × Criação de bovinos para corte;0,1097;0,1145;4;4;4;"Currais; José de Freitas; Nazária; Palmeirais"
29;Comércio varejista de animais vivos e de artigos e alimentos para animais de estimação × Padaria e confeitaria com predominância de revenda;0,1001;0,1156;6;5;5;"Batalha; Demerval Lobão; José de Freitas; Teresina; União"
30;Construção de rodovias e ferrovias × Criação de bovinos para corte;0,1093;0,1043;3;2;2;"Amarante; Baixa Grande do Ribeiro"
31;Comércio varejista de bebidas × Comércio varejista de mercadorias em geral, com predominância de produtos alimentícios - hipermercados;0,1081;0,1053;4;4;4;"Altos; Demerval Lobão; Teresina; União"
32;Casas lotéricas × Comércio varejista de artigos de papelaria;0,0698;0,0842;3;6;3;"Altos; Floriano; Piripiri"
