subclasse;fonte;unidade;secao;municipios_presentes;presentes_em_T1T2;I;E_I;p_sim;z_sim;I_global_signif;AA;AB;BA;BB;n_sig;n_pos_FDR;AA_pos_FDR;corte_FDR;robustos_4W;AA_robustos_4W;entra_painel;criterio_painel
Arroz em casca;PAM;mil reais;IBGE/PAM;154;103;0,7696;-0,0045;0,001;18,825;True;59;0;2;63;124;98;44;0,021875000000000002;87;29;True;I global signif.
Babaçu amêndoa;PEVS;mil reais;IBGE/PEVS;81;43;0,7139;-0,0045;0,001;16,593;True;29;3;6;31;69;41;21;0,009151785714285715;27;26;True;I global signif.
Mel de abelha;PPM;mil reais;IBGE/PPM;144;112;0,7139;-0,0045;0,001;17,426;True;65;3;1;46;115;96;56;0,021428571428571432;95;56;True;I global signif.
Oleaginosos;PEVS;mil reais;IBGE/PEVS;85;29;0,7115;-0,0045;0,001;16,409;True;31;2;4;16;53;20;18;0,004464285714285714;28;26;True;I global signif.
Ceras;PEVS;mil reais;IBGE/PEVS;108;40;0,6757;-0,0045;0,001;15,419;True;62;0;2;36;100;51;43;0,011383928571428573;67;52;True;I global signif.
Carnaúba pó;PEVS;mil reais;IBGE/PEVS;108;40;0,6757;-0,0045;0,001;15,419;True;62;0;2;36;100;51;43;0,011383928571428573;67;52;True;I global signif.
Caprino;PPM;cabeças;IBGE/PPM;224;96;0,6356;-0,0045;0,001;15,823;True;54;0;3;39;96;55;32;0,012276785714285714;61;32;True;I global signif.
Ovino;PPM;cabeças;IBGE/PPM;224;199;0,6274;-0,0045;0,001;14,623;True;52;1;1;35;89;49;29;0,010937500000000001;52;30;True;I global signif.
Castanha de caju;PAM;mil reais;IBGE/PAM;179;74;0,5885;-0,0045;0,001;13,763;True;36;4;5;40;85;57;23;0,012723214285714286;55;21;True;I global signif.
Suíno total;PPM;cabeças;IBGE/PPM;224;97;0,5383;-0,0045;0,001;13,441;True;44;4;5;26;79;52;36;0,011607142857142858;61;36;True;I global signif.
Soja em grão;PAM;mil reais;IBGE/PAM;36;23;0,5315;-0,0045;0,001;13,307;True;20;0;9;8;37;22;12;0,0049107142857142865;14;12;True;I global signif.
Cultivo de soja;RAIS;pessoas;A - Agricultura, pecuária, produção florestal, pesca e aquicultura;46;21;0,5088;-0,0045;0,001;12,977;True;17;5;5;4;31;23;12;0,005133928571428572;7;5;True;I global signif.
Fava em grão;PAM;mil reais;IBGE/PAM;83;36;0,4767;-0,0045;0,001;11,286;True;37;0;10;31;78;44;17;0,009821428571428573;44;22;True;I global signif.
Carvão vegetal;PEVS;mil reais;IBGE/PEVS;215;38;0,4741;-0,0045;0,001;11,506;True;42;3;4;43;92;51;20;0,011383928571428573;56;21;True;I global signif.
Cultivo de milho;RAIS;pessoas;A - Agricultura, pecuária, produção florestal, pesca e aquicultura;25;9;0,4712;-0,0045;0,001;12,083;True;9;7;7;1;24;16;7;0,0035714285714285718;3;2;True;I global signif.
Cultivo de outros cereais não especificados anteriormente;RAIS;pessoas;A - Agricultura, pecuária, produção florestal, pesca e aquicultura;15;7;0,455;-0,0045;0,001;12,065;True;7;2;10;0;19;8;5;0,0017857142857142859;6;4;True;I global signif.
Tucum amêndoa;PEVS;mil reais;IBGE/PEVS;19;14;0,4365;-0,0045;0,001;11,682;True;18;1;10;42;71;54;10;0,012053571428571429;18;15;True;I global signif.
Milho em grão;PAM;mil reais;IBGE/PAM;224;173;0,4246;-0,0045;0,001;10,626;True;19;4;4;16;43;17;11;0,0037946428571428575;16;6;True;I global signif.
Tambaqui;PPM;mil reais;IBGE/PPM;150;26;0,4196;-0,0045;0,001;10,12;True;31;6;4;29;70;45;25;0,010044642857142858;48;25;True;I global signif.
Feijão em grão;PAM;mil reais;IBGE/PAM;224;126;0,3992;-0,0045;0,001;10,228;True;33;5;5;27;70;27;15;0,0060267857142857146;40;14;True;I global signif.
Equino;PPM;cabeças;IBGE/PPM;224;26;0,3928;-0,0045;0,001;9,68;True;28;4;6;20;58;29;13;0,006473214285714286;33;11;True;I global signif.
Umbu fruto;PEVS;mil reais;IBGE/PEVS;22;8;0,3756;-0,0045;0,001;10,043;True;16;0;12;2;30;13;7;0,0029017857142857144;17;13;True;I global signif.
Tambacu tambatinga;PPM;mil reais;IBGE/PPM;81;32;0,3736;-0,0045;0,001;9,415;True;29;8;7;1;45;29;22;0,006473214285714286;23;19;True;I global signif.
Criação de bovinos para corte;RAIS;pessoas;A - Agricultura, pecuária, produção florestal, pesca e aquicultura;73;30;0,3595;-0,0045;0,001;8,749;True;26;0;6;17;49;31;16;0,006919642857142858;22;10;True;I global signif.
Cultivo de arroz;RAIS;pessoas;A - Agricultura, pecuária, produção florestal, pesca e aquicultura;20;10;0,3436;-0,0045;0,001;8,582;True;10;3;9;0;22;13;7;0,0029017857142857144;10;5;True;I global signif.
Bovino;PPM;cabeças;IBGE/PPM;224;17;0,3321;-0,0045;0,001;8,13;True;29;3;6;13;51;23;18;0,005133928571428572;28;13;True;I global signif.
Outros;PEVS;mil reais;IBGE/PEVS;28;5;0,3107;-0,0045;0,001;7,712;True;13;7;13;27;60;45;6;0,010044642857142858;12;6;True;I global signif.
Aromáticos medicinais tóxicos e corantes;PEVS;mil reais;IBGE/PEVS;13;6;0,3021;-0,0045;0,001;7,504;True;8;2;10;7;27;18;4;0,004017857142857143;13;6;True;I global signif.
Lenha;PEVS;mil reais;IBGE/PEVS;224;65;0,2892;-0,0045;0,001;7,168;True;28;3;7;13;51;0;0;0,00022321428571428573;24;8;True;I global signif.
Melancia;PAM;mil reais;IBGE/PAM;89;47;0,2717;-0,0045;0,001;6,793;True;24;4;7;2;37;18;14;0,004017857142857143;15;12;True;I global signif.
Serviço de preparação de terreno, cultivo e colheita;RAIS;pessoas;A - Agricultura, pecuária, produção florestal, pesca e aquicultura;19;6;0,2656;-0,0045;0,002;6,622;True;6;5;10;0;21;13;5;0,0029017857142857144;4;2;True;I global signif.
Algodão herbáceo em caroço;PAM;mil reais;IBGE/PAM;13;4;0,2651;-0,0045;0,001;6,933;True;7;0;13;47;67;60;4;0,013392857142857142;7;2;True;I global signif.
Tilápia;PPM;mil reais;IBGE/PPM;105;25;0,2539;-0,0045;0,001;6,218;True;26;7;9;7;49;3;1;0,0006696428571428573;23;19;True;I global signif.
Madeira em tora;PEVS;mil reais;IBGE/PEVS;177;35;0,2518;-0,0045;0,001;6,305;True;26;4;2;15;47;7;6;0,0015625;28;15;True;I global signif.
Mandioca;PAM;mil reais;IBGE/PAM;216;162;0,2436;-0,0045;0,001;5,995;True;25;5;3;9;42;10;6;0,002232142857142857;19;11;True;I global signif.
Cana de açúcar;PAM;mil reais;IBGE/PAM;58;28;0,2398;-0,0045;0,001;5,833;True;13;1;14;14;42;23;5;0,005133928571428572;7;3;True;I global signif.
Galináceos total;PPM;cabeças;IBGE/PPM;224;222;0,2288;-0,0045;0,001;5,461;True;18;4;7;13;42;7;5;0,0015625;20;5;True;I global signif.
Criação de frangos para corte;RAIS;pessoas;A - Agricultura, pecuária, produção florestal, pesca e aquicultura;21;10;0,2066;-0,0045;0,001;5,156;True;9;2;13;0;24;8;3;0,0017857142857142859;11;3;True;I global signif.
Transporte rodoviário coletivo de passageiros, sob regime de fretamento, municipal;RAIS;pessoas;H - Transporte, armazenagem e correio;16;4;0,1999;-0,0045;0,002;5,616;True;3;6;11;1;21;13;3;0,0029017857142857144;6;2;True;I global signif.
Leite;PPM;mil reais;IBGE/PPM;224;86;0,1984;-0,0045;0,001;4,816;True;20;3;6;10;39;1;1;0,00022321428571428573;15;6;True;I global signif.
Coco da baía;PAM;mil reais;IBGE/PAM;31;8;0,1945;-0,0045;0,001;4,739;True;7;5;15;25;52;39;2;0,008705357142857143;15;5;True;I global signif.
Alimentícios;PEVS;mil reais;IBGE/PEVS;56;26;0,1876;-0,0045;0,001;4,932;True;16;5;11;69;101;86;7;0,01919642857142857;17;3;True;I global signif.
Condomínios prediais;RAIS;pessoas;N - Atividades administrativas e serviços complementares;10;7;0,1857;-0,0045;0,003;5,089;True;4;4;14;118;140;137;3;0,030580357142857145;10;4;True;I global signif.
Tomate;PAM;mil reais;IBGE/PAM;11;3;0,185;-0,0045;0,001;4,889;True;5;0;14;8;27;13;3;0,0029017857142857144;11;3;True;I global signif.
Criação de bovinos para leite;RAIS;pessoas;A - Agricultura, pecuária, produção florestal, pesca e aquicultura;29;8;0,1735;-0,0045;0,001;4,244;True;9;2;10;86;107;102;7;0,022767857142857145;31;5;True;I global signif.
Outros peixes;PPM;mil reais;IBGE/PPM;64;11;0,1708;-0,0045;0,001;4,239;True;17;2;13;62;94;74;5;0,016517857142857143;37;4;True;I global signif.
Pequi fruto;PEVS;mil reais;IBGE/PEVS;22;6;0,1701;-0,0045;0,003;4,413;True;8;2;13;3;26;7;2;0,0015625;13;5;True;I global signif.
Laranja;PAM;mil reais;IBGE/PAM;15;1;0,1693;-0,0045;0,001;4,286;True;6;2;15;154;177;175;6;0,0390625;46;2;True;I global signif.
Manga;PAM;mil reais;IBGE/PAM;25;10;0,168;-0,0045;0,001;4,265;True;8;1;16;1;26;2;0;0,00044642857142857147;7;3;True;I global signif.
Bubalino;PPM;cabeças;IBGE/PPM;13;3;0,1591;-0,0045;0,005;4,041;True;6;1;15;7;29;14;0;0,003125;10;1;True;I global signif.
Construção de edifícios;RAIS;pessoas;F - Construção;146;67;0,1497;-0,0045;0,001;3,582;True;21;0;5;3;29;3;2;0,0006696428571428573;7;5;True;I global signif.
Banana cacho;PAM;mil reais;IBGE/PAM;78;35;0,1494;-0,0045;0,002;3,639;True;13;2;16;0;31;2;0;0,00044642857142857147;7;5;True;I global signif.
Corretagem na compra e venda e avaliação de imóveis;RAIS;pessoas;L - Atividades imobiliárias;14;3;0,1476;-0,0045;0,005;4,192;True;3;1;15;0;19;6;2;0,0013392857142857145;7;3;True;I global signif.
Outras atividades de atenção à saúde humana não especificadas anteriormente;RAIS;pessoas;Q - Saúde humana e serviços sociais;15;2;0,1464;-0,0045;0,005;3,576;True;3;5;12;90;110;106;3;0,02366071428571429;7;0;True;I global signif.
Fabricação de artefatos de cerâmica e barro cozido para uso na construção, exceto azulejos e pisos;RAIS;pessoas;C - Indústrias de transformação;47;17;0,1371;-0,0045;0,001;3,511;True;9;11;12;0;32;17;3;0,0037946428571428575;10;4;True;I global signif.
Seleção e agenciamento de mão-de-obra;RAIS;pessoas;N - Atividades administrativas e serviços complementares;28;7;0,1319;-0,0045;0,005;3,335;True;6;8;15;23;52;40;4;0,008928571428571428;10;2;True;I global signif.
Agências de viagens;RAIS;pessoas;N - Atividades administrativas e serviços complementares;20;9;0,1297;-0,0045;0,011;3,362;True;3;7;16;2;28;15;1;0,0033482142857142855;8;2;True;I global signif.
Extração e britamento de pedras e outros materiais para construção e beneficiamento associado;RAIS;pessoas;B - Indústrias extrativas;18;3;0,1295;-0,0045;0,009;3,406;True;5;7;13;116;141;140;5;0,03125;23;3;True;I global signif.
Padaria e confeitaria com predominância de revenda;RAIS;pessoas;I - Alojamento e alimentação;61;26;0,1288;-0,0045;0,002;3,147;True;14;3;8;0;25;8;5;0,0017857142857142859;7;5;True;I global signif.
Comércio varejista de animais vivos e de artigos e alimentos para animais de estimação;RAIS;pessoas;"G - Comércio; reparação de veículos";53;22;0,1277;-0,0045;0,003;3,26;True;10;7;11;0;28;15;3;0,0033482142857142855;8;4;True;I global signif.
Promoção de vendas;RAIS;pessoas;M - Atividades profissionais, científicas e técnicas;20;8;0,1231;-0,0045;0,008;3,22;True;5;6;13;0;24;11;3;0,0024553571428571432;10;4;True;I global signif.
Construção de rodovias e ferrovias;RAIS;pessoas;F - Construção;60;17;0,1219;-0,0045;0,004;3,048;True;8;5;11;0;24;6;1;0,0013392857142857145;4;1;True;I global signif.
Obras de terraplenagem;RAIS;pessoas;F - Construção;25;3;0,117;-0,0045;0,01;3,181;True;5;3;12;1;21;5;1;0,0011160714285714285;1;1;True;I global signif.
Restaurantes e similares;RAIS;pessoas;I - Alojamento e alimentação;75;37;0,1144;-0,0045;0,005;2,917;True;9;4;10;1;24;3;1;0,0006696428571428573;7;5;True;I global signif.
Hotéis;RAIS;pessoas;I - Alojamento e alimentação;50;22;0,1084;-0,0045;0,01;2,704;True;7;6;11;1;25;6;0;0,0013392857142857145;5;3;True;I global signif.
Ovos de galinha;PPM;mil reais;IBGE/PPM;224;202;0,1068;-0,0045;0,01;2,639;True;11;3;7;15;36;2;0;0,00044642857142857147;12;3;True;I global signif.
Transporte escolar;RAIS;pessoas;H - Transporte, armazenagem e correio;13;4;0,1064;-0,0045;0,013;3,679;True;4;5;18;17;44;28;1;0,00625;6;0;True;I global signif.
Comercio varejista de artigos de cama, mesa e banho;RAIS;pessoas;"G - Comércio; reparação de veículos";23;14;0,1002;-0,0045;0,016;2,575;True;6;2;16;0;24;4;2;0,0008928571428571429;7;3;True;I global signif.
Atividades de apoio à agricultura não especificadas anteriormente;RAIS;pessoas;A - Agricultura, pecuária, produção florestal, pesca e aquicultura;49;13;0,0994;-0,0045;0,014;2,536;True;10;2;16;0;28;4;0;0,0008928571428571429;6;0;True;I global signif.
Criação de caprinos;RAIS;pessoas;A - Agricultura, pecuária, produção florestal, pesca e aquicultura;16;2;0,0992;-0,0045;0,015;2,6;True;1;2;17;0;20;4;0;0,0008928571428571429;4;0;True;I global signif.
Comércio varejista de madeira e artefatos;RAIS;pessoas;"G - Comércio; reparação de veículos";41;15;0,099;-0,0045;0,021;2,562;True;9;5;11;0;25;9;4;0,0020089285714285717;7;5;True;I global signif.
Comércio varejista especializado de eletrodomésticos e equipamentos de áudio e vídeo;RAIS;pessoas;"G - Comércio; reparação de veículos";66;20;0,0984;-0,0045;0,013;2,452;True;11;3;16;15;45;19;2;0,004241071428571429;7;1;True;I global signif.
Comércio varejista de mercadorias em lojas de conveniência;RAIS;pessoas;"G - Comércio; reparação de veículos";36;11;0,0959;-0,0045;0,017;2,454;True;9;8;15;45;77;66;5;0,014732142857142859;9;4;True;I global signif.
Perfuração e construção de poços de água;RAIS;pessoas;F - Construção;17;6;0,0954;-0,0045;0,021;2,416;True;3;3;13;0;19;4;1;0,0008928571428571429;3;2;True;I global signif.
Produção de ovos;RAIS;pessoas;A - Agricultura, pecuária, produção florestal, pesca e aquicultura;18;4;0,0926;-0,0045;0,023;2,364;True;7;5;8;0;20;8;2;0,0017857142857142859;6;3;True;I global signif.
Fornecimento de alimentos preparados preponderantemente para empresas;RAIS;pessoas;I - Alojamento e alimentação;14;7;0,0923;-0,0045;0,026;2,41;True;4;3;20;17;44;22;1;0,0049107142857142865;0;0;True;I global signif.
Administração pública em geral;RAIS;pessoas;O - Administração pública, defesa e seguridade social;224;94;0,0873;-0,0045;0,017;2,205;True;16;4;7;0;27;2;2;0,00044642857142857147;8;6;True;I global signif.
Comércio varejista de mercadorias em geral, com predominância de produtos alimentícios - minimercados, mercearias e armazéns;RAIS;pessoas;"G - Comércio; reparação de veículos";208;130;0,0866;-0,0045;0,02;2,165;True;13;5;11;4;33;1;1;0,00022321428571428573;12;4;True;I global signif.
Atividades de limpeza não especificadas anteriormente;RAIS;pessoas;N - Atividades administrativas e serviços complementares;10;3;0,0858;-0,0045;0,029;2,747;True;2;2;16;53;73;61;0;0,01361607142857143;3;1;True;I global signif.
Comércio varejista de bebidas;RAIS;pessoas;"G - Comércio; reparação de veículos";67;27;0,085;-0,0045;0,028;2,142;True;7;4;10;0;21;6;3;0,0013392857142857145;5;3;True;I global signif.
Instalação e manutenção de sistemas centrais de ar condicionado, de ventilação e refrigeração;RAIS;pessoas;F - Construção;17;4;0,0832;-0,0045;0,025;2,28;True;4;7;12;1;24;11;0;0,0024553571428571432;7;4;True;I global signif.
Comércio varejista de suvenires, bijuterias e artesanatos;RAIS;pessoas;"G - Comércio; reparação de veículos";24;10;0,0823;-0,0045;0,034;2,306;True;3;10;20;0;33;14;1;0,003125;7;1;True;I global signif.
Comércio varejista de gás liqüefeito de petróleo (GLP);RAIS;pessoas;"G - Comércio; reparação de veículos";97;34;0,0799;-0,0045;0,029;2,036;True;17;8;9;4;38;15;4;0,0033482142857142855;12;4;True;I global signif.
Comércio varejista de cal, areia, pedra britada, tijolos e telhas;RAIS;pessoas;"G - Comércio; reparação de veículos";16;4;0,0798;-0,0045;0,037;2,125;True;5;4;14;92;115;106;2;0,02366071428571429;17;1;True;I global signif.
Transporte rodoviário coletivo de passageiros, sob regime de fretamento, intermunicipal, interestadual e internacional;RAIS;pessoas;H - Transporte, armazenagem e correio;25;9;0,0795;-0,0045;0,038;2,057;True;5;6;16;0;27;7;1;0,0015625;3;2;True;I global signif.
Seguridade social obrigatória;RAIS;pessoas;O - Administração pública, defesa e seguridade social;24;4;0,0792;-0,0045;0,036;2,04;True;3;4;16;0;23;6;0;0,0013392857142857145;9;1;True;I global signif.
Cultivo de outras plantas de lavoura temporária não especificadas anteriormente;RAIS;pessoas;A - Agricultura, pecuária, produção florestal, pesca e aquicultura;13;3;0,0745;-0,0045;0,041;2,089;True;3;1;15;0;19;2;0;0,00044642857142857147;2;0;True;I global signif.
Transporte rodoviário coletivo de passageiros, com itinerário fixo, municipal;RAIS;pessoas;H - Transporte, armazenagem e correio;10;2;0,0741;-0,0045;0,053;2,132;False;3;7;13;5;28;13;1;0,0029017857142857144;9;1;False;
Serviços combinados de escritório e apoio administrativo;RAIS;pessoas;N - Atividades administrativas e serviços complementares;36;14;0,0736;-0,0045;0,042;1,874;True;5;4;12;0;21;4;0;0,0008928571428571429;3;3;True;I global signif.
Fabricação de conservas de frutas;RAIS;pessoas;C - Indústrias de transformação;12;6;0,0719;-0,0045;0,056;1,884;False;4;5;19;118;146;139;2;0,031026785714285715;46;1;False;
Fabricação de alimentos para animais;RAIS;pessoas;C - Indústrias de transformação;29;13;0,0708;-0,0045;0,05;1,792;False;4;5;16;28;53;39;2;0,008705357142857143;6;2;False;
Bares e outros estabelecimentos especializados em servir bebidas, sem entretenimento;RAIS;pessoas;I - Alojamento e alimentação;15;8;0,0698;-0,0045;0,052;1,895;False;3;10;19;36;68;53;1;0,011830357142857144;9;2;False;
Comércio varejista de laticínios e frios;RAIS;pessoas;"G - Comércio; reparação de veículos";10;5;0,0696;-0,0045;0,066;1,895;False;3;3;17;125;148;146;2;0,032589285714285716;9;1;False;
Coleta de produtos não-madeireiros não especificados anteriormente em florestas nativas;RAIS;pessoas;A - Agricultura, pecuária, produção florestal, pesca e aquicultura;15;3;0,0648;-0,0045;0,047;1,779;True;4;5;13;1;23;9;0;0,0020089285714285717;7;1;True;I global signif.
Fabricação de produtos de padaria e confeitaria com predominância de produção própria;RAIS;pessoas;C - Indústrias de transformação;55;26;0,0639;-0,0045;0,051;1,702;False;8;6;15;26;55;40;4;0,008928571428571428;17;5;True;hotspots locais
Atividades de organizações religiosas;RAIS;pessoas;S - Outras atividades de serviços;99;30;0,0622;-0,0045;0,055;1,617;False;13;4;8;0;25;0;0;0,00022321428571428573;6;3;True;hotspots locais
Instalação e manutenção elétrica;RAIS;pessoas;F - Construção;30;9;0,0611;-0,0045;0,066;1,661;False;5;6;13;0;24;6;0;0,0013392857142857145;6;1;False;
Atividades de fisioterapia;RAIS;pessoas;Q - Saúde humana e serviços sociais;21;9;0,0589;-0,0045;0,08;1,555;False;4;4;9;0;17;5;1;0,0011160714285714285;4;3;True;hotspots locais
Comércio varejista de mercadorias em geral, com predominância de produtos alimentícios - hipermercados;RAIS;pessoas;"G - Comércio; reparação de veículos";21;12;0,0578;-0,0045;0,081;1,528;False;4;3;18;32;57;39;0;0,008705357142857143;3;2;False;
Educação infantil - pré-escola;RAIS;pessoas;P - Educação;43;25;0,0574;-0,0045;0,083;1,43;False;8;6;17;0;31;9;3;0,0020089285714285717;6;2;False;
Obras de urbanização - ruas, praças e calçadas;RAIS;pessoas;F - Construção;63;13;0,0563;-0,0045;0,077;1,448;False;10;8;15;11;44;24;1;0,005357142857142858;9;3;True;hotspots locais
Serviço de manejo de animais;RAIS;pessoas;A - Agricultura, pecuária, produção florestal, pesca e aquicultura;11;2;0,0558;-0,0045;0,065;1,705;False;2;3;15;1;21;4;0;0,0008928571428571429;5;1;False;
Outras atividades de serviços prestados principalmente às empresas não especificadas anteriormente;RAIS;pessoas;N - Atividades administrativas e serviços complementares;17;8;0,0557;-0,0045;0,085;1,468;False;4;5;18;63;90;76;2;0,016964285714285716;7;1;False;
Criação de peixes em água doce;RAIS;pessoas;A - Agricultura, pecuária, produção florestal, pesca e aquicultura;13;4;0,0548;-0,0045;0,093;1,447;False;2;2;15;0;19;2;0;0,00044642857142857147;6;0;False;
Serviços de lavagem, lubrificação e polimento de veículos automotores;RAIS;pessoas;"G - Comércio; reparação de veículos";16;3;0,0534;-0,0045;0,094;1,476;False;5;4;11;3;23;10;1;0,002232142857142857;5;3;True;hotspots locais
Incorporação de empreendimentos imobiliários;RAIS;pessoas;F - Construção;16;3;0,0526;-0,0045;0,072;1,616;False;2;6;16;0;24;8;0;0,0017857142857142859;10;2;False;
Obras de alvenaria;RAIS;pessoas;F - Construção;27;9;0,0505;-0,0045;0,101;1,358;False;3;6;15;95;119;115;3;0,025669642857142856;13;1;False;
Comércio varejista especializado de equipamentos de telefonia e comunicação;RAIS;pessoas;"G - Comércio; reparação de veículos";37;21;0,05;-0,0045;0,099;1,29;False;7;8;9;0;24;10;2;0,002232142857142857;5;2;False;
Provedores de acesso às redes de comunicações;RAIS;pessoas;J - Informação e comunicação;26;10;0,0495;-0,0045;0,097;1,33;False;3;7;21;5;36;14;1;0,003125;10;2;False;
Atividades de condicionamento físico;RAIS;pessoas;R - Artes, cultura, esporte e recreação;54;22;0,0468;-0,0045;0,135;1,116;False;9;1;14;18;42;22;2;0,0049107142857142865;7;4;True;hotspots locais
Comércio varejista de vidros;RAIS;pessoas;"G - Comércio; reparação de veículos";25;7;0,0458;-0,0045;0,11;1,271;False;5;7;16;4;32;14;2;0,003125;7;4;True;hotspots locais
Comércio varejista de calçados;RAIS;pessoas;"G - Comércio; reparação de veículos";43;22;0,0449;-0,0045;0,131;1,185;False;9;5;8;34;56;45;3;0,010044642857142858;6;4;True;hotspots locais
Comércio varejista de produtos alimentícios em geral ou especializado em produtos alimentícios não especificados anteriormente;RAIS;pessoas;"G - Comércio; reparação de veículos";42;20;0,0442;-0,0045;0,13;1,15;False;6;6;16;0;28;7;0;0,0015625;7;4;True;hotspots locais
Atividades de apoio à pecuária não especificadas anteriormente;RAIS;pessoas;A - Agricultura, pecuária, produção florestal, pesca e aquicultura;20;7;0,0436;-0,0045;0,108;1,29;False;3;2;20;26;51;30;0;0,006696428571428571;2;1;False;
Frigorífico - abate de bovinos;RAIS;pessoas;C - Indústrias de transformação;11;2;0,0419;-0,0045;0,105;1,215;False;3;4;15;15;37;22;0;0,0049107142857142865;5;2;False;
Comércio varejista de bicicletas e triciclos, peças e acessórios;RAIS;pessoas;"G - Comércio; reparação de veículos";17;6;0,0406;-0,0045;0,112;1,136;False;3;6;15;0;24;10;3;0,002232142857142857;4;2;False;
Serviços de comunicação multimídia - SCM;RAIS;pessoas;J - Informação e comunicação;116;47;0,0386;-0,0045;0,171;0,958;False;13;4;9;1;27;1;0;0,00022321428571428573;4;2;False;
Serviços de organização de feiras, congressos, exposições e festas;RAIS;pessoas;N - Atividades administrativas e serviços complementares;13;3;0,0385;-0,0045;0,102;1,16;False;2;5;16;0;23;8;0;0,0017857142857142859;6;1;False;
Ensino médio;RAIS;pessoas;P - Educação;12;5;0,0379;-0,0045;0,146;1,057;False;3;6;19;1;29;10;0;0,002232142857142857;3;0;False;
Treinamento em desenvolvimento profissional e gerencial;RAIS;pessoas;P - Educação;24;6;0,0378;-0,0045;0,144;1,078;False;5;8;19;1;33;11;1;0,0024553571428571432;7;1;False;
Comércio varejista de materiais de construção em geral;RAIS;pessoas;"G - Comércio; reparação de veículos";170;98;0,0363;-0,0045;0,171;0,924;False;13;3;12;2;30;0;0;0,00022321428571428573;7;3;True;hotspots locais
Comércio varejista de artigos de papelaria;RAIS;pessoas;"G - Comércio; reparação de veículos";33;14;0,036;-0,0045;0,152;0,989;False;4;2;16;0;22;4;2;0,0008928571428571429;3;2;False;
Treinamento em informática;RAIS;pessoas;P - Educação;10;1;0,0349;-0,0045;0,103;1,211;False;2;4;19;16;41;28;1;0,00625;5;2;False;
Extração de areia, cascalho ou pedregulho e beneficiamento associado;RAIS;pessoas;B - Indústrias extrativas;12;2;0,0336;-0,0045;0,146;0,966;False;3;2;18;6;29;8;0;0,0017857142857142859;3;1;False;
Manutenção e reparação de motocicletas e motonetas;RAIS;pessoas;"G - Comércio; reparação de veículos";19;5;0,0334;-0,0045;0,15;0,985;False;3;1;15;1;20;3;0;0,0006696428571428573;5;2;False;
Bares e outros estabelecimentos especializados em servir bebidas, com entretenimento;RAIS;pessoas;I - Alojamento e alimentação;15;3;0,0304;-0,0045;0,154;0,97;False;2;5;16;46;69;59;2;0,013169642857142857;6;1;False;
Comércio atacadista de produtos de higiene, limpeza e conservação domiciliar;RAIS;pessoas;"G - Comércio; reparação de veículos";11;6;0,0304;-0,0045;0,131;1,024;False;2;4;16;0;22;6;0;0,0013392857142857145;5;2;False;
Casas lotéricas;RAIS;pessoas;R - Artes, cultura, esporte e recreação;151;51;0,0297;-0,0045;0,213;0,81;False;13;7;10;7;37;3;2;0,0006696428571428573;10;5;True;hotspots locais
Atividade odontológica com recursos para realização de procedimentos cirúrgicos;RAIS;pessoas;Q - Saúde humana e serviços sociais;77;39;0,0284;-0,0045;0,217;0,764;False;12;6;8;3;29;11;2;0,0024553571428571432;7;4;True;hotspots locais
Fabricação de sucos concentrados de frutas, hortaliças e legumes;RAIS;pessoas;C - Indústrias de transformação;10;3;0,0281;-0,0045;0,148;0,812;False;2;3;17;47;69;57;2;0,012723214285714286;3;0;False;
Serviços de manutenção e reparação mecânica de veículos automotores;RAIS;pessoas;"G - Comércio; reparação de veículos";35;14;0,028;-0,0045;0,195;0,769;False;6;8;13;0;27;13;2;0,0029017857142857144;7;4;True;hotspots locais
Fabricação de produtos de panificação industrial;RAIS;pessoas;C - Indústrias de transformação;29;15;0,0276;-0,0045;0,188;0,818;False;5;8;16;65;94;82;2;0,01830357142857143;13;1;False;
Transporte rodoviário coletivo de passageiros, com itinerário fixo, intermunicipal em região metropolitana;RAIS;pessoas;H - Transporte, armazenagem e correio;10;3;0,0273;-0,0045;0,151;0,849;False;1;3;16;146;166;164;1;0,03660714285714286;19;0;False;
Atividades de apoio à gestão de saúde;RAIS;pessoas;Q - Saúde humana e serviços sociais;17;2;0,0256;-0,0045;0,199;0,766;False;2;5;18;2;27;7;0;0,0015625;2;0;False;
Fabricação de outros produtos alimentícios não especificados anteriormente;RAIS;pessoas;C - Indústrias de transformação;11;5;0,0233;-0,0045;0,201;0,728;False;2;4;14;0;20;6;0;0,0013392857142857145;6;0;False;
Confecção, sob medida, de peças do vestuário, exceto roupas íntimas;RAIS;pessoas;C - Indústrias de transformação;13;5;0,0226;-0,0045;0,199;0,722;False;1;5;19;4;29;13;1;0,0029017857142857144;4;1;False;
Lanchonetes, casas de chá, de sucos e similares;RAIS;pessoas;I - Alojamento e alimentação;54;32;0,0197;-0,0045;0,272;0,573;False;8;5;9;6;28;13;1;0,0029017857142857144;4;2;False;
Atividades de organizações sindicais;RAIS;pessoas;S - Outras atividades de serviços;32;6;0,0193;-0,0045;0,209;0,605;False;4;3;14;74;95;85;2;0,018973214285714284;13;1;False;
Educação profissional de nível técnico;RAIS;pessoas;P - Educação;16;8;0,0185;-0,0045;0,216;0,579;False;3;5;18;0;26;5;0;0,0011160714285714285;3;2;False;
Atividades de atendimento em pronto-socorro e unidades hospitalares para atendimento a urgências;RAIS;pessoas;Q - Saúde humana e serviços sociais;10;1;0,018;-0,0045;0,194;0,568;False;1;4;15;1;21;5;0;0,0011160714285714285;3;0;False;
Reparação e manutenção de equipamentos eletroeletrônicos de uso pessoal e doméstico;RAIS;pessoas;S - Outras atividades de serviços;11;4;0,0173;-0,0045;0,185;0,683;False;2;2;14;1;19;5;0;0,0011160714285714285;4;1;False;
Serviços especializados para construção não especificados anteriormente;RAIS;pessoas;F - Construção;12;2;0,0165;-0,0045;0,242;0,516;False;2;7;22;42;73;58;0;0,012946428571428572;5;0;False;
Fabricação de estruturas pré-moldadas de concreto armado, em série e sob encomenda;RAIS;pessoas;C - Indústrias de transformação;21;4;0,0155;-0,0045;0,267;0,527;False;0;4;22;1;27;6;0;0,0013392857142857145;4;0;False;
Comércio varejista de mercadorias em geral, com predominância de produtos alimentícios - supermercados;RAIS;pessoas;"G - Comércio; reparação de veículos";94;50;0,0144;-0,0045;0,312;0,434;False;9;7;15;1;32;5;0;0,0011160714285714285;8;2;False;
Serviços de usinagem, tornearia e solda;RAIS;pessoas;C - Indústrias de transformação;13;6;0,0139;-0,0045;0,249;0,482;False;2;3;19;0;24;4;0;0,0008928571428571429;6;1;False;
Fabricação de estruturas metálicas;RAIS;pessoas;C - Indústrias de transformação;13;4;0,0139;-0,0045;0,23;0,529;False;2;2;19;2;25;4;0;0,0008928571428571429;4;1;False;
Comércio varejista de hortifrutigranjeiros;RAIS;pessoas;"G - Comércio; reparação de veículos";48;20;0,0132;-0,0045;0,293;0,413;False;6;5;12;0;23;5;0;0,0011160714285714285;3;1;False;
Fabricação de águas envasadas;RAIS;pessoas;C - Indústrias de transformação;19;11;0,0129;-0,0045;0,311;0,42;False;3;1;17;0;21;1;0;0,00022321428571428573;6;0;False;
Transporte rodoviário de carga, exceto produtos perigosos e mudanças, intermunicipal, interestadual e internacional;RAIS;pessoas;H - Transporte, armazenagem e correio;47;24;0,012;-0,0045;0,32;0,351;False;9;5;13;0;27;5;0;0,0011160714285714285;0;0;False;
Comércio varejista de doces, balas, bombons e semelhantes;RAIS;pessoas;"G - Comércio; reparação de veículos";23;9;0,0089;-0,0045;0,316;0,326;False;4;2;16;2;24;4;0;0,0008928571428571429;5;2;False;
Atividades de associações de defesa de direitos sociais;RAIS;pessoas;S - Outras atividades de serviços;41;19;0,0083;-0,0045;0,37;0,262;False;3;9;20;1;33;10;0;0,002232142857142857;6;2;False;
Comércio atacadista de mercadorias em geral, sem predominância de alimentos ou de insumos agropecuários;RAIS;pessoas;"G - Comércio; reparação de veículos";16;7;0,0075;-0,0045;0,316;0,248;False;2;8;16;115;141;133;2;0,029687500000000002;18;0;False;
Lojas de variedades, exceto lojas de departamentos ou magazines;RAIS;pessoas;"G - Comércio; reparação de veículos";32;17;0,0074;-0,0045;0,339;0,254;False;4;8;15;4;31;14;1;0,003125;8;1;False;
Portais, provedores de conteúdo e outros serviços de informação na internet;RAIS;pessoas;J - Informação e comunicação;12;4;0,0054;-0,0045;0,265;0,246;False;2;6;17;14;39;22;0;0,0049107142857142865;4;0;False;
Comércio varejista de ferragens e ferramentas;RAIS;pessoas;"G - Comércio; reparação de veículos";29;12;0,0047;-0,0045;0,367;0,192;False;4;6;15;29;54;40;0;0,008928571428571428;6;1;False;
Transporte rodoviário de carga, exceto produtos perigosos e mudanças, municipal;RAIS;pessoas;H - Transporte, armazenagem e correio;19;8;0,0037;-0,0045;0,348;0,172;False;3;7;13;0;23;7;0;0,0015625;4;2;False;
Caixas econômicas;RAIS;pessoas;K - Atividades financeiras e de seguros;27;12;0,0028;-0,0045;0,394;0,159;False;4;10;12;58;84;78;4;0,017410714285714286;8;2;False;
Fornecimento de alimentos preparados preponderantemente para consumo domiciliar;RAIS;pessoas;I - Alojamento e alimentação;15;4;-0,0003;-0,0045;0,337;0,086;False;1;4;17;1;23;7;0;0,0015625;4;0;False;
Clubes sociais, esportivos e similares;RAIS;pessoas;R - Artes, cultura, esporte e recreação;17;8;-0,0015;-0,0045;0,405;0,021;False;1;12;22;1;36;18;1;0,004017857142857143;5;1;False;
Comércio atacadista de frutas, verduras, raízes, tubérculos, hortaliças e legumes frescos;RAIS;pessoas;"G - Comércio; reparação de veículos";10;2;-0,0019;-0,0045;0,345;0,035;False;1;2;17;1;21;2;0;0,00044642857142857147;3;0;False;
Transporte rodoviário de produtos perigosos;RAIS;pessoas;H - Transporte, armazenagem e correio;15;7;-0,0023;-0,0045;0,367;0,072;False;1;5;14;11;31;16;0;0,0035714285714285718;3;0;False;
Comércio a varejo de peças e acessórios novos para motocicletas e motonetas;RAIS;pessoas;"G - Comércio; reparação de veículos";85;26;-0,0023;-0,0045;0,485;-0,001;False;10;5;9;0;24;2;1;0,00044642857142857147;5;3;True;hotspots locais
Comércio varejista especializado de peças e acessórios para aparelhos eletroeletrônicos para uso doméstico, exceto informática e comunicação;RAIS;pessoas;"G - Comércio; reparação de veículos";12;8;-0,0024;-0,0045;0,335;0,023;False;1;2;17;0;20;2;0;0,00044642857142857147;4;1;False;
Atividades de cobrança e informações cadastrais;RAIS;pessoas;K - Atividades financeiras e de seguros;25;14;-0,0027;-0,0045;0,428;0,03;False;3;4;19;0;26;5;0;0,0011160714285714285;5;2;False;
Manutenção e reparação de geradores, transformadores e motores elétricos;RAIS;pessoas;C - Indústrias de transformação;10;2;-0,0033;-0,0045;0,362;-0,021;False;1;6;19;155;181;175;1;0,0390625;25;0;False;
Correspondentes de instituições financeiras;RAIS;pessoas;K - Atividades financeiras e de seguros;27;6;-0,0051;-0,0045;0,444;-0,022;False;3;12;16;4;35;20;2;0,004464285714285714;8;1;False;
Aparelhamento de placas e execução de trabalhos em mármore, granito, ardósia e outras pedras;RAIS;pessoas;C - Indústrias de transformação;35;14;-0,0058;-0,0045;0,49;-0,065;False;5;6;12;54;77;69;3;0,015401785714285715;6;1;False;
Comercio varejista de artigos de armarinho;RAIS;pessoas;"G - Comércio; reparação de veículos";64;21;-0,0061;-0,0045;0,5;-0,099;False;11;5;9;1;26;5;2;0,0011160714285714285;4;1;False;
Atividades de estética e outros serviços de cuidados com a beleza;RAIS;pessoas;S - Outras atividades de serviços;16;4;-0,007;-0,0045;0,408;-0,085;False;2;10;14;6;32;21;0;0,0046875;7;2;False;
Educação infantil - creche;RAIS;pessoas;P - Educação;14;8;-0,0082;-0,0045;0,435;-0,095;False;1;7;18;52;78;66;1;0,014732142857142859;2;0;False;
Coleta de resíduos não-perigosos;RAIS;pessoas;E - Água, esgoto, resíduos e descontaminação;32;11;-0,0091;-0,0045;0,47;-0,146;False;1;5;11;77;94;88;0;0,019642857142857146;4;0;False;
Comércio varejista de artigos do vestuário e acessórios;RAIS;pessoas;"G - Comércio; reparação de veículos";97;46;-0,01;-0,0045;0,46;-0,154;False;8;4;12;0;24;1;0;0,00022321428571428573;7;4;True;hotspots locais
Comércio atacadista de embalagens;RAIS;pessoas;"G - Comércio; reparação de veículos";11;4;-0,0101;-0,0045;0,453;-0,192;False;1;9;20;0;30;10;0;0,002232142857142857;6;1;False;
Comércio atacadista de cereais e leguminosas beneficiados;RAIS;pessoas;"G - Comércio; reparação de veículos";20;13;-0,0108;-0,0045;0,475;-0,199;False;2;5;18;1;26;10;0;0,002232142857142857;3;0;False;
Serviços de cartografia, topografia e geodésia;RAIS;pessoas;M - Atividades profissionais, científicas e técnicas;11;1;-0,0118;-0,0045;0,436;-0,246;False;1;7;16;13;37;21;0;0,0046875;7;0;False;
Serviços de prótese dentária;RAIS;pessoas;C - Indústrias de transformação;11;6;-0,0129;-0,0045;0,498;-0,265;False;1;3;17;7;28;11;0;0,0024553571428571432;3;0;False;
Cabeleireiros;RAIS;pessoas;S - Outras atividades de serviços;16;5;-0,0134;-0,0045;0,498;-0,29;False;2;8;15;2;27;14;2;0,003125;6;1;False;
Comércio por atacado de peças e acessórios novos para veículos automotores;RAIS;pessoas;"G - Comércio; reparação de veículos";11;4;-0,0138;-0,0045;0,494;-0,282;False;1;9;20;3;33;17;0;0,0037946428571428575;7;0;False;
Atividades associativas não especificadas anteriormente;RAIS;pessoas;S - Outras atividades de serviços;16;8;-0,0145;-0,0045;0,467;-0,237;False;1;3;16;0;20;3;0;0,0006696428571428573;3;0;False;
Comércio varejista de cosméticos, produtos de perfumaria e de higiene pessoal;RAIS;pessoas;"G - Comércio; reparação de veículos";40;22;-0,0151;-0,0045;0,397;-0,309;False;5;6;11;0;22;7;1;0,0015625;4;2;False;
Fabricação de artefatos de cimento para uso na construção;RAIS;pessoas;C - Indústrias de transformação;10;3;-0,0156;-0,0045;0,479;-0,302;False;1;7;15;151;174;172;0;0,03839285714285714;22;0;False;
Comércio atacadista de defensivos agrícolas, adubos, fertilizantes e corretivos do solo;RAIS;pessoas;"G - Comércio; reparação de veículos";12;6;-0,0158;-0,0045;0,481;-0,266;False;1;6;23;99;129;118;0;0,026339285714285714;18;0;False;
Serviços de instalação, manutenção e reparação de acessórios para veículos automotores;RAIS;pessoas;"G - Comércio; reparação de veículos";10;4;-0,0179;-0,0045;0,467;-0,397;False;1;6;18;5;30;15;0;0,0033482142857142855;4;0;False;
Serviços de engenharia;RAIS;pessoas;M - Atividades profissionais, científicas e técnicas;52;17;-0,0181;-0,0045;0,37;-0,385;False;4;9;16;0;29;13;1;0,0029017857142857144;4;2;False;
Motéis;RAIS;pessoas;I - Alojamento e alimentação;18;6;-0,0193;-0,0045;0,382;-0,416;False;1;6;16;0;23;7;0;0,0015625;5;0;False;
Atividades de organizações políticas;RAIS;pessoas;S - Outras atividades de serviços;13;3;-0,0195;-0,0045;0,403;-0,406;False;0;8;22;0;30;8;0;0,0017857142857142859;4;0;False;
Comércio atacadista de materiais de construção em geral;RAIS;pessoas;"G - Comércio; reparação de veículos";12;5;-0,0203;-0,0045;0,416;-0,463;False;1;5;24;89;119;110;1;0,024553571428571428;12;0;False;
Cartórios;RAIS;pessoas;M - Atividades profissionais, científicas e técnicas;124;70;-0,0206;-0,0045;0,35;-0,39;False;16;5;12;0;33;3;2;0,0006696428571428573;7;3;True;hotspots locais
Comércio a varejo de pneumáticos e câmaras-de-ar;RAIS;pessoas;"G - Comércio; reparação de veículos";25;13;-0,021;-0,0045;0,38;-0,447;False;2;7;18;63;90;78;2;0,017410714285714286;2;0;False;
Serviços de assistência social sem alojamento;RAIS;pessoas;Q - Saúde humana e serviços sociais;26;6;-0,0219;-0,0045;0,349;-0,432;False;4;7;13;35;59;47;0;0,01049107142857143;8;1;False;
Reparação e manutenção de computadores e de equipamentos periféricos;RAIS;pessoas;S - Outras atividades de serviços;12;3;-0,0221;-0,0045;0,37;-0,537;False;1;2;20;105;128;119;0;0,0265625;15;0;False;
Comércio varejista de produtos farmacêuticos, sem manipulação de fórmulas;RAIS;pessoas;"G - Comércio; reparação de veículos";215;156;-0,0235;-0,0045;0,339;-0,453;False;9;2;10;4;25;0;0;0,00022321428571428573;4;2;False;
Cultivo de frutas de lavoura permanente não especificadas anteriormente;RAIS;pessoas;A - Agricultura, pecuária, produção florestal, pesca e aquicultura;10;1;-0,0243;-0,0045;0,344;-0,568;False;0;7;11;3;21;12;0;0,002678571428571429;4;0;False;
Corretores e agentes de seguros, de planos de previdência complementar e de saúde;RAIS;pessoas;K - Atividades financeiras e de seguros;10;5;-0,0254;-0,0045;0,339;-0,61;False;1;6;24;142;173;169;1;0,03772321428571429;31;0;False;
Montagem e instalação de sistemas e equipamentos de iluminação e sinalização em vias públicas, portos e aeroportos;RAIS;pessoas;F - Construção;11;3;-0,0259;-0,0045;0,357;-0,617;False;1;6;24;2;33;8;0;0,0017857142857142859;4;1;False;
Formação de condutores;RAIS;pessoas;P - Educação;44;19;-0,0261;-0,0045;0,307;-0,52;False;7;15;12;9;43;29;3;0,006473214285714286;8;2;False;
Comércio varejista de produtos farmacêuticos, com manipulação de fórmulas;RAIS;pessoas;"G - Comércio; reparação de veículos";19;13;-0,0268;-0,0045;0,316;-0,567;False;2;9;15;2;28;13;1;0,0029017857142857144;8;1;False;
Geração de energia elétrica;RAIS;pessoas;D - Eletricidade e gás;14;3;-0,028;-0,0045;0,315;-0,626;False;1;7;16;9;33;16;0;0,0035714285714285718;4;0;False;
Criação de bovinos, exceto para corte e leite;RAIS;pessoas;A - Agricultura, pecuária, produção florestal, pesca e aquicultura;22;3;-0,0285;-0,0045;0,283;-0,63;False;0;3;14;0;17;3;0;0,0006696428571428573;4;0;False;
Comércio varejista de materiais de construção não especificados anteriormente;RAIS;pessoas;"G - Comércio; reparação de veículos";27;11;-0,0291;-0,0045;0,288;-0,648;False;3;9;22;0;34;11;0;0,0024553571428571432;2;1;False;
Comércio varejista de artigos de óptica;RAIS;pessoas;"G - Comércio; reparação de veículos";64;26;-0,0293;-0,0045;0,274;-0,656;False;6;9;16;0;31;9;1;0,0020089285714285717;9;2;False;
Comércio varejista de brinquedos e artigos recreativos;RAIS;pessoas;"G - Comércio; reparação de veículos";13;5;-0,0294;-0,0045;0,201;-0,727;False;1;4;19;8;32;18;0;0,004017857142857143;6;0;False;
Comércio varejista de outros produtos não especificados anteriormente;RAIS;pessoas;"G - Comércio; reparação de veículos";26;8;-0,0295;-0,0045;0,272;-0,656;False;2;4;16;4;26;11;0;0,0024553571428571432;2;0;False;
Atividades de atenção ambulatorial não especificadas anteriormente;RAIS;pessoas;Q - Saúde humana e serviços sociais;14;1;-0,03;-0,0045;0,272;-0,708;False;0;6;15;62;83;77;0;0,0171875;4;0;False;
Comércio atacadista de alimentos para animais;RAIS;pessoas;"G - Comércio; reparação de veículos";16;9;-0,0301;-0,0045;0,285;-0,658;False;1;6;28;108;143;130;1;0,029017857142857144;27;1;False;
Regulação das atividades de saúde, educação, serviços culturais e outros serviços sociais;RAIS;pessoas;O - Administração pública, defesa e seguridade social;42;1;-0,0301;-0,0045;0,297;-0,588;False;0;12;13;2;27;14;0;0,003125;0;0;False;
Comércio varejista de outros artigos de uso doméstico não especificados anteriormente;RAIS;pessoas;"G - Comércio; reparação de veículos";20;8;-0,0328;-0,0045;0,256;-0,722;False;3;2;15;0;20;2;0;0,00044642857142857147;1;0;False;
Comércio atacadista de cosméticos e produtos de perfumaria;RAIS;pessoas;"G - Comércio; reparação de veículos";10;7;-0,0328;-0,0045;0,334;-0,739;False;0;3;17;35;55;44;0;0,009821428571428573;1;0;False;
Preparação de documentos e serviços especializados de apoio administrativo não especificados anteriormente;RAIS;pessoas;N - Atividades administrativas e serviços complementares;13;5;-0,0337;-0,0045;0,225;-0,758;False;2;3;14;2;21;5;0;0,0011160714285714285;2;0;False;
Atividades de profissionais da área de saúde não especificadas anteriormente;RAIS;pessoas;Q - Saúde humana e serviços sociais;11;2;-0,0342;-0,0045;0,098;-0,806;False;1;7;14;6;28;13;0;0,0029017857142857144;3;0;False;
Comércio varejista de móveis;RAIS;pessoas;"G - Comércio; reparação de veículos";159;74;-0,0345;-0,0045;0,245;-0,712;False;13;2;12;0;27;1;1;0,00022321428571428573;7;6;True;hotspots locais
Comércio varejista de tecidos;RAIS;pessoas;"G - Comércio; reparação de veículos";24;10;-0,0347;-0,0045;0,244;-0,772;False;3;9;15;0;27;12;1;0,002678571428571429;4;1;False;
Imunização e controle de pragas urbanas;RAIS;pessoas;N - Atividades administrativas e serviços complementares;11;5;-0,0356;-0,0045;0,036;-0,868;True;0;4;17;0;21;6;0;0,0013392857142857145;5;0;True;I global signif.
Comércio varejista de medicamentos veterinários;RAIS;pessoas;"G - Comércio; reparação de veículos";56;26;-0,0363;-0,0045;0,215;-0,826;False;5;8;14;6;33;14;0;0,003125;3;0;False;
Construção de redes de abastecimento de água, coleta de esgoto e construções correlatas, exceto obras de irrigação;RAIS;pessoas;F - Construção;18;3;-0,0363;-0,0045;0,214;-0,811;False;1;10;11;3;25;14;0;0,003125;1;0;False;
Serviços de agronomia e de consultoria às atividades agrícolas e pecuárias;RAIS;pessoas;M - Atividades profissionais, científicas e técnicas;18;4;-0,0369;-0,0045;0,216;-0,794;False;0;2;17;5;24;7;0;0,0015625;3;0;False;
Serviços de borracharia para veículos automotores;RAIS;pessoas;"G - Comércio; reparação de veículos";10;4;-0,0369;-0,0045;0,029;-0,913;True;0;7;19;0;26;7;0;0,0015625;2;0;True;I global signif.
Comércio a varejo de motocicletas e motonetas usadas;RAIS;pessoas;"G - Comércio; reparação de veículos";10;0;-0,0375;-0,0045;0,086;-0,923;False;0;5;14;105;124;119;0;0,0265625;29;0;False;
Impressão de material para outros usos;RAIS;pessoas;C - Indústrias de transformação;11;2;-0,0377;-0,0045;0,066;-0,931;False;1;7;23;7;38;17;1;0,0037946428571428575;6;1;False;
Fabricação de sorvetes e outros gelados comestíveis;RAIS;pessoas;C - Indústrias de transformação;12;6;-0,0381;-0,0045;0,151;-0,917;False;0;3;17;2;22;5;0;0,0011160714285714285;2;0;False;
Comércio a varejo de peças e acessórios novos para veículos automotores;RAIS;pessoas;"G - Comércio; reparação de veículos";72;34;-0,0389;-0,0045;0,188;-0,869;False;8;5;11;3;27;8;0;0,0017857142857142859;1;1;False;
Comércio atacadista de medicamentos e drogas de uso humano;RAIS;pessoas;"G - Comércio; reparação de veículos";18;6;-0,0391;-0,0045;0,151;-0,918;False;2;5;15;0;22;5;0;0,0011160714285714285;2;0;False;
Atividades de práticas integrativas e complementares em saúde humana;RAIS;pessoas;Q - Saúde humana e serviços sociais;22;1;-0,0392;-0,0045;0,19;-0,916;False;2;13;10;104;129;124;0;0,02767857142857143;15;0;False;
Transporte rodoviário coletivo de passageiros, com itinerário fixo, interestadual;RAIS;pessoas;H - Transporte, armazenagem e correio;11;3;-0,0397;-0,0045;0,137;-0,907;False;0;5;16;5;26;11;0;0,0024553571428571432;0;0;False;
Representantes comerciais e agentes do comércio de mercadorias em geral não especializado;RAIS;pessoas;"G - Comércio; reparação de veículos";15;3;-0,0399;-0,0045;0,084;-1,046;False;0;7;15;0;22;13;0;0,0029017857142857144;8;0;False;
Fabricação de móveis com predominância de madeira;RAIS;pessoas;C - Indústrias de transformação;29;15;-0,0403;-0,0045;0,182;-0,914;False;3;9;18;66;96;86;3;0,01919642857142857;15;1;False;
Comércio a varejo de automóveis, camionetas e utilitários novos;RAIS;pessoas;"G - Comércio; reparação de veículos";11;3;-0,0405;-0,0045;0,016;-0,977;True;1;7;14;114;136;134;1;0,029910714285714287;4;0;True;I global signif.
Outras atividades auxiliares dos serviços financeiros não especificadas anteriormente;RAIS;pessoas;K - Atividades financeiras e de seguros;15;4;-0,0407;-0,0045;0,075;-1,026;False;0;5;21;32;58;40;0;0,008928571428571428;6;0;False;
Comércio varejista de material elétrico;RAIS;pessoas;"G - Comércio; reparação de veículos";21;7;-0,0414;-0,0045;0,147;-0,957;False;1;6;18;0;25;6;0;0,0013392857142857145;3;0;False;
Comércio atacadista de mercadorias em geral, com predominância de produtos alimentícios;RAIS;pessoas;"G - Comércio; reparação de veículos";26;12;-0,0419;-0,0045;0,179;-0,929;False;2;11;13;3;29;16;0;0,0035714285714285718;3;1;False;
Limpeza em prédios e em domicílios;RAIS;pessoas;N - Atividades administrativas e serviços complementares;13;6;-0,0419;-0,0045;0,002;-1,255;True;0;6;20;33;59;46;0;0,010267857142857145;4;0;True;I global signif.
Comércio varejista de artigos de colchoaria;RAIS;pessoas;"G - Comércio; reparação de veículos";11;3;-0,0421;-0,0045;0,004;-1,011;True;0;9;17;149;175;171;0;0,03816964285714286;28;0;True;I global signif.
Compra e venda de imóveis próprios;RAIS;pessoas;L - Atividades imobiliárias;10;5;-0,0434;-0,0045;0,002;-1,073;True;0;8;15;1;24;9;0;0,0020089285714285717;4;0;True;I global signif.
Fabricação de artigos de vidro;RAIS;pessoas;C - Indústrias de transformação;10;6;-0,0436;-0,0045;0,09;-1,001;False;0;6;19;2;27;9;0;0,0020089285714285717;5;0;False;
Comércio varejista de combustíveis para veículos automotores;RAIS;pessoas;"G - Comércio; reparação de veículos";205;133;-0,0449;-0,0045;0,173;-0,969;False;11;1;11;1;24;0;0;0,00022321428571428573;4;3;True;hotspots locais
Atividades de contabilidade;RAIS;pessoas;M - Atividades profissionais, científicas e técnicas;51;28;-0,0451;-0,0045;0,145;-1,018;False;8;9;13;10;40;20;2;0,004464285714285714;2;1;False;
Comércio atacadista de produtos alimentícios em geral;RAIS;pessoas;"G - Comércio; reparação de veículos";19;5;-0,0454;-0,0045;0,133;-1,021;False;1;8;21;0;30;9;0;0,0020089285714285717;5;0;False;
Atividade médica ambulatorial com recursos para realização de procedimentos cirúrgicos;RAIS;pessoas;Q - Saúde humana e serviços sociais;20;8;-0,0462;-0,0045;0,102;-1,081;False;0;3;22;2;27;5;0;0,0011160714285714285;1;0;False;
Ensino fundamental;RAIS;pessoas;P - Educação;48;11;-0,0464;-0,0045;0,142;-1,04;False;3;10;16;0;29;11;0;0,0024553571428571432;4;0;False;
Aluguel de máquinas e equipamentos para construção sem operador, exceto andaimes;RAIS;pessoas;N - Atividades administrativas e serviços complementares;19;7;-0,0465;-0,0045;0,081;-1,061;False;1;11;13;8;33;24;0;0,005357142857142858;4;0;False;
Reparação e manutenção de equipamentos de comunicação;RAIS;pessoas;S - Outras atividades de serviços;10;3;-0,0466;-0,0045;0,001;-1,23;True;0;6;16;19;41;34;0;0,007589285714285715;5;0;True;I global signif.
Atividades de vigilância e segurança privada;RAIS;pessoas;N - Atividades administrativas e serviços complementares;10;6;-0,0473;-0,0045;0,003;-1,216;True;0;5;22;99;126;115;0;0,025669642857142856;6;0;True;I global signif.
Atividades de intermediação e agenciamento de serviços e negócios em geral, exceto imobiliários;RAIS;pessoas;L - Atividades imobiliárias;13;4;-0,0517;-0,0045;0,001;-1,382;True;0;8;17;115;140;136;0;0,03035714285714286;17;0;True;I global signif.
Fabricação de letras, letreiros e placas de qualquer material, exceto luminosos;RAIS;pessoas;C - Indústrias de transformação;16;9;-0,0518;-0,0045;0,065;-1,196;False;1;10;13;1;25;13;0;0,0029017857142857144;5;0;False;
Serviços de lanternagem ou funilaria e pintura de veículos automotores;RAIS;pessoas;"G - Comércio; reparação de veículos";11;4;-0,0521;-0,0045;0,001;-1,328;True;0;4;18;11;33;16;0;0,0035714285714285718;4;0;True;I global signif.
Atividades de psicologia e psicanálise;RAIS;pessoas;Q - Saúde humana e serviços sociais;12;5;-0,0527;-0,0045;0,002;-1,297;True;0;8;21;89;118;111;0;0,024776785714285716;23;0;True;I global signif.
Comércio atacadista de mercadorias em geral, com predominância de insumos agropecuários;RAIS;pessoas;"G - Comércio; reparação de veículos";11;5;-0,053;-0,0045;0,001;-1,34;True;0;6;26;2;34;7;0;0,0015625;2;0;True;I global signif.
Outras atividades de ensino não especificadas anteriormente;RAIS;pessoas;P - Educação;21;7;-0,0533;-0,0045;0,06;-1,231;False;2;9;15;26;52;37;0;0,008258928571428572;1;0;False;
Atividades do Correio Nacional;RAIS;pessoas;H - Transporte, armazenagem e correio;175;54;-0,0535;-0,0045;0,101;-1,216;False;11;4;8;0;23;1;1;0,00022321428571428573;2;2;False;
Construção de estações e redes de distribuição de energia elétrica;RAIS;pessoas;D - Eletricidade e gás;11;3;-0,0548;-0,0045;0,001;-1,337;True;0;11;16;148;175;175;0;0,0390625;16;0;True;I global signif.
Impressão de material para uso publicitário;RAIS;pessoas;C - Indústrias de transformação;17;9;-0,0569;-0,0045;0,032;-1,333;True;1;9;20;111;141;134;1;0,029910714285714287;17;0;True;I global signif.
Fabricação de artigos de serralheria, exceto esquadrias;RAIS;pessoas;C - Indústrias de transformação;17;4;-0,0569;-0,0045;0,02;-1,388;True;1;11;14;54;80;72;0;0,016071428571428573;2;0;True;I global signif.
Serviços de diagnóstico por imagem com uso de radiação ionizante, exceto tomografia;RAIS;pessoas;Q - Saúde humana e serviços sociais;12;5;-0,0572;-0,0045;0,001;-1,349;True;0;5;22;127;154;147;0;0,0328125;24;0;True;I global signif.
Locação de automóveis sem condutor;RAIS;pessoas;N - Atividades administrativas e serviços complementares;24;8;-0,0579;-0,0045;0,043;-1,402;True;1;5;14;2;22;7;0;0,0015625;4;1;True;I global signif.
Atividade médica ambulatorial com recursos para realização de exames complementares;RAIS;pessoas;Q - Saúde humana e serviços sociais;32;15;-0,0582;-0,0045;0,072;-1,341;False;5;10;10;21;46;34;1;0,007589285714285715;1;0;False;
Comércio a varejo de automóveis, camionetas e utilitários usados;RAIS;pessoas;"G - Comércio; reparação de veículos";14;8;-0,0593;-0,0045;0,003;-1,442;True;0;10;23;68;101;90;0;0,020089285714285716;7;0;True;I global signif.
Comércio varejista de artigos de joalheria;RAIS;pessoas;"G - Comércio; reparação de veículos";14;7;-0,0593;-0,0045;0,001;-1,45;True;0;4;13;34;51;46;0;0,010267857142857145;4;0;True;I global signif.
Atividades de rádio;RAIS;pessoas;J - Informação e comunicação;18;7;-0,0598;-0,0045;0,062;-1,409;False;1;8;20;20;49;33;0;0,007366071428571429;5;0;False;
Comércio varejista de tintas e materiais para pintura;RAIS;pessoas;"G - Comércio; reparação de veículos";13;3;-0,0608;-0,0045;0,001;-1,469;True;0;7;14;2;23;10;0;0,002232142857142857;3;0;True;I global signif.
Atividades de atendimento hospitalar, exceto pronto-socorro e unidades para atendimento a urgências;RAIS;pessoas;Q - Saúde humana e serviços sociais;37;12;-0,0613;-0,0045;0,067;-1,391;False;1;2;18;2;23;5;0;0,0011160714285714285;4;0;False;
Obras de acabamento em gesso e estuque;RAIS;pessoas;F - Construção;15;8;-0,0627;-0,0045;0,001;-1,575;True;0;12;24;97;133;129;0;0,02879464285714286;6;0;True;I global signif.
Atividade médica ambulatorial restrita a consultas;RAIS;pessoas;Q - Saúde humana e serviços sociais;38;18;-0,063;-0,0045;0,032;-1,476;True;5;4;10;3;22;7;0;0,0015625;1;1;True;I global signif.
Confecção de peças do vestuário, exceto roupas íntimas e as confeccionadas sob medida;RAIS;pessoas;C - Indústrias de transformação;11;5;-0,0632;-0,0045;0,001;-1,525;True;0;8;20;0;28;11;0;0,0024553571428571432;5;0;True;I global signif.
Outras obras de engenharia civil não especificadas anteriormente;RAIS;pessoas;F - Construção;24;6;-0,0681;-0,0045;0,012;-1,657;True;1;9;16;0;26;11;0;0,0024553571428571432;2;1;True;I global signif.
Lojas de departamentos ou magazines, exceto lojas francas (Duty free);RAIS;pessoas;"G - Comércio; reparação de veículos";89;39;-0,0696;-0,0045;0,051;-1,573;False;9;3;17;0;29;3;1;0,0006696428571428573;6;2;False;
Comércio varejista de materiais hidráulicos;RAIS;pessoas;"G - Comércio; reparação de veículos";10;5;-0,0707;-0,0045;0,001;-1,714;True;0;6;24;20;50;27;0;0,0060267857142857146;2;0;True;I global signif.
Serviços de funerárias;RAIS;pessoas;S - Outras atividades de serviços;54;22;-0,071;-0,0045;0,042;-1,651;True;8;13;8;16;45;34;2;0,007589285714285715;3;3;True;I global signif.
Bancos múltiplos, com carteira comercial;RAIS;pessoas;K - Atividades financeiras e de seguros;56;11;-0,0712;-0,0045;0,062;-1,559;False;5;5;12;11;33;18;1;0,004017857142857143;3;1;False;
Serviços de alimentação para eventos e recepções - bufê;RAIS;pessoas;I - Alojamento e alimentação;14;6;-0,0721;-0,0045;0,001;-1,796;True;0;7;16;54;77;66;0;0,014732142857142859;4;0;True;I global signif.
Comércio atacadista de cerveja, chope e refrigerante;RAIS;pessoas;"G - Comércio; reparação de veículos";11;7;-0,0736;-0,0045;0,001;-1,726;True;0;6;17;35;58;44;0;0,009821428571428573;1;0;True;I global signif.
Comércio varejista de carnes - açougues;RAIS;pessoas;"G - Comércio; reparação de veículos";50;15;-0,0742;-0,0045;0,03;-1,704;True;2;10;13;12;37;27;0;0,0060267857142857146;5;0;True;I global signif.
Laboratórios clínicos;RAIS;pessoas;Q - Saúde humana e serviços sociais;53;22;-0,0744;-0,0045;0,024;-1,747;True;3;3;15;6;27;8;0;0,0017857142857142859;3;0;True;I global signif.
Comércio varejista especializado de equipamentos e suprimentos de informática;RAIS;pessoas;"G - Comércio; reparação de veículos";29;13;-0,0746;-0,0045;0,006;-1,769;True;2;6;17;0;25;6;0;0,0013392857142857145;1;0;True;I global signif.
Captação, tratamento e distribuição de água;RAIS;pessoas;E - Água, esgoto, resíduos e descontaminação;65;7;-0,0805;-0,0045;0,006;-2,012;True;4;6;20;3;33;11;0;0,0024553571428571432;7;1;True;I global signif.
Atividades de consultoria em gestão empresarial, exceto consultoria técnica específica;RAIS;pessoas;M - Atividades profissionais, científicas e técnicas;33;12;-0,0819;-0,0045;0,012;-1,919;True;3;15;9;0;27;16;0;0,0035714285714285718;5;1;True;I global signif.
Fabricação de esquadrias de metal;RAIS;pessoas;C - Indústrias de transformação;18;9;-0,0859;-0,0045;0,001;-2,131;True;0;5;18;0;23;5;0;0,0011160714285714285;5;0;True;I global signif.
Comércio a varejo de motocicletas e motonetas novas;RAIS;pessoas;"G - Comércio; reparação de veículos";26;16;-0,1015;-0,0045;0,001;-2,442;True;1;10;10;0;21;11;0;0,0024553571428571432;1;0;True;I global signif.
Serviços advocatícios;RAIS;pessoas;M - Atividades profissionais, científicas e técnicas;47;18;-0,1175;-0,0045;0,001;-2,698;True;2;4;16;0;22;4;0;0,0008928571428571429;0;0;True;I global signif.
