subclasse,n_municipios,soma_ce_rie,moran_I,p_valor,z_score,n_AA,n_BB,n_BA,n_AB,n_significativos
Cultivo de arroz,10,321.6509030163263,0.22974747382500077,0.002,6.210459558321715,6,85,6,1,98
Hotéis,22,1304.7050716439576,0.21565014294791673,0.001,5.607292289665319,5,108,6,8,127
Criação de frangos para corte,10,852.4297778183206,0.15582200925795867,0.004,4.307841946646606,4,2,15,2,23
Criação de bovinos para corte,30,719.7066001743079,0.1475279686873635,0.002,3.8246278521664965,6,5,13,5,29
Cultivo de soja,21,2363.260591161613,0.1471362462590809,0.005,3.6700890517717286,5,1,16,3,25
Comércio varejista de animais vivos e de artigos e alimentos para animais de estimação,22,695.9164446610298,0.13565965456569198,0.002,3.81993571446377,4,0,19,6,29
Restaurantes e similares,37,7527.83381920889,0.11307716584652887,0.01,2.880021077850424,7,26,10,5,48
Comércio varejista de artigos de papelaria,14,248.02809891945594,0.1107364521405303,0.012,2.9932922581792454,4,68,16,4,92
Comércio varejista de bebidas,27,515.5321432580204,0.10566671392952733,0.009,2.796708632682107,6,85,19,4,114
Comércio varejista de artigos do vestuário e acessórios,46,1000.1522051033719,0.10466693269204125,0.012,2.6789146765751997,6,0,16,7,29
Serviços combinados de escritório e apoio administrativo,14,3778.928985762589,0.10115183437725443,0.014,2.8770463148693026,2,3,13,8,26
Educação infantil - pré-escola,25,2222.0919084022044,0.10098045223570562,0.013,2.5687117247738915,7,0,13,4,24
"Obras de urbanização - ruas, praças e calçadas",13,481.3306629303304,0.10040432984756281,0.012,2.87598092032126,4,50,17,6,77
Atividades de apoio à agricultura não especificadas anteriormente,13,308.5455749353417,0.09725260700426304,0.025,2.5782065122919975,3,5,10,6,24
Padaria e confeitaria com predominância de revenda,26,631.8089758109884,0.0931077225791109,0.019,2.4121310078597626,5,46,13,7,71
Comércio varejista especializado de eletrodomésticos e equipamentos de áudio e vídeo,20,229.28272032674315,0.09076830268328126,0.029,2.2193742959476883,8,5,14,7,34
Construção de rodovias e ferrovias,17,2448.2187930152268,0.08609245541737678,0.029,2.234142381851676,4,9,20,4,37
Comércio varejista de gás liqüefeito de petróleo (GLP),34,578.1501902448879,0.0826577573147378,0.025,2.227599720040497,6,23,14,6,49
"Comércio varejista de mercadorias em geral, com predominância de produtos alimentícios - hipermercados",12,2513.3683865544062,0.07403592416183744,0.043,2.1639611059862833,4,150,16,3,173
"Comércio varejista de suvenires, bijuterias e artesanatos",10,908.9762042717635,0.059413941142075356,0.065,1.7899006078858586,1,1,19,6,27
Formação de condutores,19,314.71543194666106,0.05613413304433881,0.078,1.5007265709000839,3,3,10,8,24
Casas lotéricas,51,164.10556590363217,0.05542762088687526,0.074,1.4671360150019188,7,43,21,7,78
Atividades do Correio Nacional,54,101.65246029152217,0.055126596790576445,0.079,1.4772083210877556,3,3,11,8,25
"Comércio varejista de mercadorias em geral, com predominância de produtos alimentícios - minimercados, mercearias e armazéns",130,3696.6068427628916,0.055054654052126305,0.072,1.488034077080273,7,6,5,6,24
Construção de edifícios,67,5058.472612118732,0.04636248658049128,0.113,1.2138959549805204,7,4,10,7,28
"Lanchonetes, casas de chá, de sucos e similares",32,1759.3900186574758,0.045710615468879376,0.105,1.2755700126892908,6,0,14,3,23
Comércio varejista de mercadorias em lojas de conveniência,11,419.3664771718482,0.044490962967489285,0.109,1.3328929401253324,1,155,20,2,178
Comércio varejista especializado de equipamentos e suprimentos de informática,13,76.99076107471038,0.03563191588758972,0.163,1.009146660974208,3,23,17,6,49
Comércio varejista de materiais de construção em geral,98,2376.318413041182,0.031266170009785064,0.188,0.8507295249619387,8,6,10,2,26
"Comércio atacadista de mercadorias em geral, com predominância de produtos alimentícios",12,5511.172955553538,0.030135461293099502,0.14,1.0065430511115434,3,0,15,2,20
"Transporte rodoviário de carga, exceto produtos perigosos e mudanças, intermunicipal, interestadual e internacional",24,4867.001565405494,0.028333519972135176,0.191,0.7670007692897499,6,91,14,8,119
Fabricação de produtos de panificação industrial,15,1243.1673060529408,0.026708510417909385,0.195,0.7964164774987642,2,0,16,4,22
Atividades de contabilidade,28,860.9002182566362,0.01958806525186693,0.258,0.6047433545981091,5,3,21,6,35
Atividades de organizações religiosas,30,99.43920756452314,0.01760042782797828,0.262,0.5887085635845202,4,89,19,7,119
Atividades de associações de defesa de direitos sociais,19,2114.5397710314833,0.017463584142174592,0.239,0.5566718912653504,0,109,23,5,137
"Atividades de consultoria em gestão empresarial, exceto consultoria técnica específica",12,859.7582642682337,0.013032453602717245,0.255,0.4857891013802107,2,3,21,2,28
Fabricação de alimentos para animais,13,438.5582449123516,0.012657058308464954,0.29,0.3997265581730043,1,63,20,4,88
Comércio atacadista de cereais e leguminosas beneficiados,13,501.41384459876855,0.011941268757090954,0.268,0.4209490586113583,2,0,15,6,23
Comércio varejista especializado de equipamentos de telefonia e comunicação,21,1196.6048532131213,0.01006313383106743,0.312,0.3574992984531465,4,25,14,8,51
Comércio varejista de madeira e artefatos,15,249.52432902217612,0.010041790878895309,0.299,0.4167281411187198,1,0,21,2,24
Comércio varejista de hortifrutigranjeiros,20,369.98187592242846,0.005500888367954624,0.356,0.28210877147687524,4,4,15,3,26
"Comércio varejista de produtos farmacêuticos, com manipulação de fórmulas",13,362.0298549639659,0.004222349994631396,0.3,0.24577007266539858,2,49,15,4,70
Comércio varejista de ferragens e ferramentas,12,56.79484252188753,0.0036854482922390286,0.349,0.17741282763890773,1,84,15,6,106
Ensino fundamental,11,89353.20112038378,0.001181998215111933,0.318,0.2112182419092582,2,0,16,6,24
Coleta de resíduos não-perigosos,11,1224.2407865627592,-0.0015425305523847084,0.386,0.10394133217097946,1,105,12,6,124
Comércio varejista de produtos alimentícios em geral ou especializado em produtos alimentícios não especificados anteriormente,20,715.9126229668802,-0.0018109455994207962,0.405,0.0862286195916443,3,30,19,4,56
Serviços de engenharia,17,2039.9869545359302,-0.0026780513993728025,0.406,0.07866962089976548,1,5,15,9,30
Fabricação de móveis com predominância de madeira,15,267.525341141333,-0.0030819916713901033,0.445,0.016579962136781687,0,17,14,3,34
Comércio a varejo de peças e acessórios novos para motocicletas e motonetas,26,723.8931907377382,-0.0031371654356333566,0.43,0.04902894137521268,3,86,13,8,110
Atividades de condicionamento físico,22,1460.0968126808846,-0.007402517633180953,0.499,-0.11035276565704234,1,69,16,4,90
Atividades de cobrança e informações cadastrais,14,643.1901509042117,-0.008043032733553706,0.453,-0.07346123996598429,2,0,19,5,26
Comércio varejista de móveis,74,889.7723163669167,-0.008935661472200405,0.456,-0.13269077249531364,7,0,11,16,34
"Comercio varejista de artigos de cama, mesa e banho",14,105.1777182694704,-0.011835282842370815,0.473,-0.2147409642049962,3,3,15,3,24
Fabricação de águas envasadas,11,319.15512409841705,-0.014100523431495343,0.442,-0.28948554309995267,1,0,17,6,24
Caixas econômicas,12,87.57654675576902,-0.015183349363076354,0.447,-0.2993496821011474,1,0,18,5,24
Atividade médica ambulatorial com recursos para realização de exames complementares,15,399.4741754601385,-0.01626111583485952,0.451,-0.27788167865193136,3,0,11,8,22
"Fabricação de artefatos de cerâmica e barro cozido para uso na construção, exceto azulejos e pisos",17,1224.8294326729297,-0.020315931501450418,0.413,-0.35213260722463163,0,40,12,9,61
Comércio a varejo de pneumáticos e câmaras-de-ar,13,282.66259007316216,-0.02105898212733524,0.399,-0.4159528545556606,1,23,19,4,47
"Lojas de variedades, exceto lojas de departamentos ou magazines",17,138.30140226908065,-0.02171052713314631,0.363,-0.47934818873679624,1,121,10,8,140
Comércio varejista de materiais de construção não especificados anteriormente,11,132.11578709365875,-0.022867283592233053,0.429,-0.4644132357598122,1,71,18,4,94
Comércio varejista de combustíveis para veículos automotores,133,2930.6963505361773,-0.02366614387386733,0.36,-0.40072818866167703,10,0,9,8,27
"Comércio varejista de mercadorias em geral, com predominância de produtos alimentícios - supermercados",50,9166.103844243607,-0.02496595528400764,0.356,-0.41842673821699666,6,0,16,6,28
"Comércio varejista de produtos farmacêuticos, sem manipulação de fórmulas",156,3241.01422374945,-0.0259761200708222,0.311,-0.5267285372200416,11,5,9,3,28
"Aparelhamento de placas e execução de trabalhos em mármore, granito, ardósia e outras pedras",14,415.74011256561425,-0.026743717808843787,0.34,-0.5721740229422123,1,0,24,5,30
Comércio varejista de medicamentos veterinários,26,292.1906178390122,-0.027441121600746292,0.322,-0.5642286870411329,0,75,14,8,97
Fabricação de produtos de padaria e confeitaria com predominância de produção própria,26,1356.7110637673236,-0.02778591493827954,0.276,-0.6282573785558709,3,71,10,8,92
Comércio varejista de artigos de óptica,26,278.01563894544637,-0.030403246482306013,0.291,-0.6021912479334627,3,71,18,7,99
"Lojas de departamentos ou magazines, exceto lojas francas (Duty free)",39,388.6142952575718,-0.030807514988499762,0.267,-0.651886040621484,2,0,18,6,26
Serviços de manutenção e reparação mecânica de veículos automotores,14,985.1872923527912,-0.03319651066034512,0.241,-0.779806398753296,1,107,15,8,131
"Bancos múltiplos, com carteira comercial",11,39.66482414798929,-0.033973965082673516,0.271,-0.7580161432691546,0,146,18,5,169
Comercio varejista de artigos de armarinho,21,122.79211648908743,-0.037219349011494755,0.209,-0.8423240762713852,1,24,10,9,44
"Comércio varejista de cosméticos, produtos de perfumaria e de higiene pessoal",22,181.15866750618525,-0.04001580340499437,0.188,-0.9122398013430983,1,1,16,9,27
Cartórios,70,588.8387705219652,-0.0415580272134158,0.17,-0.9158818034086071,2,1,19,4,26
Comércio a varejo de peças e acessórios novos para veículos automotores,34,984.2738132916364,-0.04264090259663678,0.181,-0.9026975797852771,1,0,15,4,20
Provedores de acesso às redes de comunicações,10,117.16734106610218,-0.0434349593297288,0.02,-1.036947548461546,0,20,17,4,41
Administração pública em geral,94,72629.30493604369,-0.05103092407578255,0.137,-1.0945962982263229,7,8,12,7,34
"Atividades de atendimento hospitalar, exceto pronto-socorro e unidades para atendimento a urgências",12,3526.6226275760982,-0.054801293016826465,0.013,-1.2852869725563802,0,0,19,4,23
Serviços advocatícios,18,354.0845591212982,-0.055067993781483644,0.051,-1.2946832341201133,0,2,22,7,31
Comércio varejista de calçados,22,319.36963315950516,-0.05648591682965953,0.088,-1.2859422227271053,0,0,20,6,26
Comércio varejista de tecidos,10,125.65911190517448,-0.0596525215498406,0.001,-1.46145149579732,0,108,20,8,136
Serviços de comunicação multimídia - SCM,47,5012.781023903879,-0.061703419202605574,0.061,-1.4564959688671364,1,0,13,7,21
Comércio a varejo de motocicletas e motonetas novas,16,982.8528985805473,-0.07294089610828698,0.005,-1.797789433029684,1,0,11,12,24
Atividade odontológica com recursos para realização de procedimentos cirúrgicos,39,1565.3496986624841,-0.07584928629389162,0.026,-1.7347425112272992,3,0,14,10,27
Comércio varejista de carnes - açougues,15,430.90079028878336,-0.08003414853221051,0.001,-1.973220823865898,0,11,18,8,37
Laboratórios clínicos,22,471.60345880525466,-0.09436294839618116,0.001,-2.2030302884597526,0,0,8,10,18
Atividade médica ambulatorial restrita a consultas,18,2003.3262037929117,-0.09772094885800268,0.001,-2.4270063660291776,0,97,20,14,131
Serviços de funerárias,22,708.6928238396661,-0.11888977329936427,0.001,-2.869574245879187,0,23,18,12,53
