subclasse,cod_ibge,NM_MUN,valor_ce_rie,log_valor,quadrante,Ii,p_valor
Administração pública em geral,2202778,Colônia do Piauí,297.4958539359946,5.6987560430745345,Alto-Alto,0.9979671012829927,0.025
Administração pública em geral,2203107,Cristino Castro,788.854948549499,6.671849319171778,Alto-Alto,1.4935520518824177,0.009
Administração pública em geral,2203230,Currais,416.5041444208539,6.0342944709981765,Alto-Alto,1.3206355216317005,0.011
Administração pública em geral,2207405,Palmeira do Piauí,448.298941706468,6.107688460645938,Alto-Alto,1.4100784582211585,0.008
Administração pública em geral,2209302,Santa Luz,362.2877038306684,5.895195092881373,Alto-Alto,1.2118416800939156,0.024
Administração pública em geral,2210102,São José do Peixe,601.254689793491,6.400680428585443,Alto-Alto,0.7933353377402864,0.049
Administração pública em geral,2210391,São Miguel do Fidalgo,176.4613498674304,5.178752837979357,Alto-Alto,1.029403466882424,0.012
"Aparelhamento de placas e execução de trabalhos em mármore, granito, ardósia e outras pedras",2205706,Luís Correia,5.82412364425787,1.9204639290548127,Alto-Alto,4.793220235408739,0.006
Atividade médica ambulatorial com recursos para realização de exames complementares,2201200,Barras,5.79456141354901,1.9161225000525577,Alto-Alto,2.220021919503883,0.02
Atividade médica ambulatorial com recursos para realização de exames complementares,2201507,Batalha,5.01103877470835,1.7935975746614652,Alto-Alto,3.35445232030636,0.004
Atividade médica ambulatorial com recursos para realização de exames complementares,2208403,Piripiri,11.84033347241621,2.552591269296544,Alto-Alto,2.0588637741223264,0.048
Atividade odontológica com recursos para realização de procedimentos cirúrgicos,2201507,Batalha,2.282549729888935,1.1886204770842992,Alto-Alto,1.0313160189019657,0.002
Atividade odontológica com recursos para realização de procedimentos cirúrgicos,2205508,José de Freitas,7.62885566905539,2.1551118971208303,Alto-Alto,2.4134890175216386,0.006
Atividade odontológica com recursos para realização de procedimentos cirúrgicos,2211100,União,5.01913261570217,1.7949431651692624,Alto-Alto,1.994516001200344,0.009
Atividades de apoio à agricultura não especificadas anteriormente,2201150,Baixa Grande do Ribeiro,106.4062243748568,4.676618135468589,Alto-Alto,10.869880506648954,0.001
Atividades de apoio à agricultura não especificadas anteriormente,2209203,Santa Filomena,31.7865203773915,3.4900174668172896,Alto-Alto,11.342676792419416,0.018
Atividades de apoio à agricultura não especificadas anteriormente,2211209,Uruçuí,91.3204751002846,4.525265948980133,Alto-Alto,5.498332326009069,0.031
Atividades de cobrança e informações cadastrais,2200400,Altos,13.398841230794869,2.6671477332603746,Alto-Alto,6.0580865558837775,0.008
Atividades de cobrança e informações cadastrais,2201200,Barras,9.98952304452216,2.3969423684311946,Alto-Alto,2.3992663161433594,0.043
Atividades de condicionamento físico,2200400,Altos,15.91257555856028,2.8280574611032034,Alto-Alto,4.7662081232338736,0.005
"Atividades de consultoria em gestão empresarial, exceto consultoria técnica específica",2200400,Altos,10.01839059171509,2.3995657487502844,Alto-Alto,3.0948998301954376,0.019
"Atividades de consultoria em gestão empresarial, exceto consultoria técnica específica",2211100,União,30.0835020041068,3.436677196246673,Alto-Alto,5.905027420489277,0.022
Atividades de contabilidade,2200400,Altos,12.863566880656853,2.6292643113494893,Alto-Alto,5.437270350973246,0.001
Atividades de contabilidade,2201507,Batalha,6.36226852141133,1.9963681082676725,Alto-Alto,2.016336619360034,0.017
Atividades de contabilidade,2201960,Brasileira,3.06074049647609,1.4013653452775219,Alto-Alto,1.5860499764701677,0.016
Atividades de contabilidade,2204402,Gilbués,15.23953585393668,2.7874487539024857,Alto-Alto,2.0676642956460016,0.043
Atividades de contabilidade,2205508,José de Freitas,2.826610102283156,1.3419793204807395,Alto-Alto,2.2273213891416903,0.004
Atividades de organizações religiosas,2201507,Batalha,6.519792602039041,2.0175385580653415,Alto-Alto,3.1426636192654924,0.028
Atividades de organizações religiosas,2205409,Joaquim Pires,1.6816755355959851,0.9864417990160079,Alto-Alto,1.168223187480232,0.043
Atividades de organizações religiosas,2205573,Lagoa de São Francisco,6.151763075175049,1.9673589102496596,Alto-Alto,6.568986004483195,0.044
Atividades de organizações religiosas,2208403,Piripiri,6.676057849761856,2.038106114563362,Alto-Alto,2.6609152811625965,0.038
Atividades do Correio Nacional,2205557,Lagoa Alegre,1.603649373384494,0.9569140660423948,Alto-Alto,3.7597082378035434,0.001
Atividades do Correio Nacional,2206209,Miguel Alves,1.910452871860092,1.0683086951436809,Alto-Alto,1.87246571692593,0.017
Atividades do Correio Nacional,2211100,União,7.620354369537939,2.1541261939858156,Alto-Alto,7.244535323942808,0.005
Caixas econômicas,2211100,União,7.50760780885147,2.1409607995255584,Alto-Alto,4.465726467719578,0.03
Cartórios,2204808,Ipiranga do Piauí,7.873862192919461,2.183110123527985,Alto-Alto,1.6153494268320927,0.011
Cartórios,2205300,Jerumenha,7.66183358953179,2.158926431055338,Alto-Alto,1.3032112784568333,0.043
Casas lotéricas,2200400,Altos,10.14518714564024,2.4110077585892,Alto-Alto,4.509645404267147,0.012
Casas lotéricas,2201200,Barras,5.11843909945639,1.8113070148852466,Alto-Alto,2.7614491144202518,0.009
Casas lotéricas,2201507,Batalha,1.390160952868926,0.8713607079725157,Alto-Alto,1.0663115566695782,0.015
Casas lotéricas,2201770,Boa Hora,1.994503722570533,1.0967785158575343,Alto-Alto,2.0406742485825964,0.01
Casas lotéricas,2205508,José de Freitas,7.91074406424005,2.1872577468894283,Alto-Alto,3.3131978726935216,0.018
Casas lotéricas,2208403,Piripiri,8.6906307613258,2.2711595178322193,Alto-Alto,2.1159713954891357,0.049
Casas lotéricas,2209708,São Francisco do Piauí,1.4143412421088142,0.8814264722992671,Alto-Alto,1.646643542803567,0.008
Coleta de resíduos não-perigosos,2200400,Altos,109.2361981654447,4.702625319782461,Alto-Alto,7.46924373184484,0.026
Comercio varejista de artigos de armarinho,2200509,Amarante,0.584243253933417,0.4601068510040703,Alto-Alto,0.8310565741704179,0.004
"Comercio varejista de artigos de cama, mesa e banho",2200400,Altos,6.17358939965086,1.9704061429657023,Alto-Alto,4.391575916299407,0.022
"Comercio varejista de artigos de cama, mesa e banho",2205508,José de Freitas,1.44376668752822,0.8935405733842728,Alto-Alto,2.685671386658761,0.002
"Comercio varejista de artigos de cama, mesa e banho",2207900,Pedro Ii,1.660388816226822,0.9784722836254358,Alto-Alto,1.1731031336657034,0.047
Comércio a varejo de motocicletas e motonetas novas,2211100,União,7.20603527589419,2.1048698928036123,Alto-Alto,3.7437626899442793,0.017
Comércio a varejo de peças e acessórios novos para motocicletas e motonetas,2200400,Altos,9.00395211336932,2.3029802262555474,Alto-Alto,4.628400727387221,0.004
Comércio a varejo de peças e acessórios novos para motocicletas e motonetas,2201150,Baixa Grande do Ribeiro,1.1624981164000487,0.7712640887946388,Alto-Alto,0.44064067779300153,0.039
Comércio a varejo de peças e acessórios novos para motocicletas e motonetas,2211100,União,17.59047199347313,2.922649191054566,Alto-Alto,4.576064897161919,0.021
Comércio a varejo de peças e acessórios novos para veículos automotores,2201507,Batalha,13.71977710605255,2.6891919709342202,Alto-Alto,1.4575539207031953,0.045
Comércio a varejo de pneumáticos e câmaras-de-ar,2200400,Altos,17.46798952034022,2.916038937194951,Alto-Alto,4.934522617369827,0.035
Comércio atacadista de cereais e leguminosas beneficiados,2206720,Nazária,1.6937035816151091,0.9909170428384282,Alto-Alto,3.9956794632467387,0.03
Comércio atacadista de cereais e leguminosas beneficiados,2207900,Pedro Ii,17.19172260610346,2.900966688766567,Alto-Alto,4.437188159334805,0.044
"Comércio atacadista de mercadorias em geral, com predominância de produtos alimentícios",2200400,Altos,1233.796452374088,7.118661419587019,Alto-Alto,7.719290608369392,0.027
"Comércio atacadista de mercadorias em geral, com predominância de produtos alimentícios",2211001,Teresina,1974.939630170961,7.588799326308191,Alto-Alto,5.168832918538801,0.019
"Comércio atacadista de mercadorias em geral, com predominância de produtos alimentícios",2211100,União,24.4433086827693,3.2364527883000327,Alto-Alto,4.361861098705379,0.021
Comércio varejista de animais vivos e de artigos e alimentos para animais de estimação,2200400,Altos,30.618133665426,3.4537308061755287,Alto-Alto,10.927725679507375,0.001
Comércio varejista de animais vivos e de artigos e alimentos para animais de estimação,2203305,Demerval Lobão,8.89128993974529,2.291654565819659,Alto-Alto,4.471060110356982,0.009
Comércio varejista de animais vivos e de artigos e alimentos para animais de estimação,2205508,José de Freitas,5.07521657627302,1.804217639006463,Alto-Alto,5.06588005518771,0.001
Comércio varejista de animais vivos e de artigos e alimentos para animais de estimação,2211001,Teresina,471.704303353741,6.158470041531268,Alto-Alto,5.160111882364591,0.018
Comércio varejista de artigos de papelaria,2200400,Altos,7.15504945274981,2.098637300156345,Alto-Alto,7.972584770391905,0.001
Comércio varejista de artigos de papelaria,2205508,José de Freitas,12.9962701953275,2.6387908795011152,Alto-Alto,10.056344108854743,0.001
Comércio varejista de artigos de papelaria,2211001,Teresina,93.6219940531529,4.5498899443114516,Alto-Alto,5.750074858407339,0.008
Comércio varejista de artigos de papelaria,2211100,União,8.66070766140052,2.2680669024150326,Alto-Alto,8.336577234758883,0.001
Comércio varejista de artigos de óptica,2201200,Barras,10.50189711197988,2.442511988022887,Alto-Alto,2.0024359092869184,0.042
Comércio varejista de artigos de óptica,2204709,Inhuma,3.10648388809491,1.4125671606776673,Alto-Alto,1.2681490137051306,0.033
Comércio varejista de artigos de óptica,2208403,Piripiri,12.82363835765533,2.626380051248974,Alto-Alto,2.3359858627434824,0.036
Comércio varejista de artigos do vestuário e acessórios,2201150,Baixa Grande do Ribeiro,47.0783598088938,3.872832175853337,Alto-Alto,3.5861574045622997,0.006
Comércio varejista de artigos do vestuário e acessórios,2202083,Cajueiro da Praia,8.48698862227665,2.249921241113789,Alto-Alto,4.366614742041907,0.046
Comércio varejista de artigos do vestuário e acessórios,2205706,Luís Correia,35.684597369287104,3.6023569767557784,Alto-Alto,4.815940070305061,0.01
Comércio varejista de artigos do vestuário e acessórios,2206209,Miguel Alves,15.96711741602391,2.831277201295236,Alto-Alto,1.9210339362395057,0.031
Comércio varejista de artigos do vestuário e acessórios,2208908,Ribeiro Gonçalves,11.711010514876053,2.5424685875386905,Alto-Alto,3.3867091595319634,0.012
Comércio varejista de artigos do vestuário e acessórios,2211100,União,21.641914489443963,3.119802812014388,Alto-Alto,2.471279095648346,0.046
Comércio varejista de bebidas,2200400,Altos,10.686813730199049,2.458461174619081,Alto-Alto,6.6348788580069415,0.001
Comércio varejista de bebidas,2203305,Demerval Lobão,1.7530717809853005,1.0127172995529576,Alto-Alto,1.3229662818460421,0.014
Comércio varejista de bebidas,2205508,José de Freitas,8.46045232176493,2.2471201960607834,Alto-Alto,6.635988091228126,0.001
Comércio varejista de bebidas,2205557,Lagoa Alegre,0.990584182511723,0.6884281547074906,Alto-Alto,0.6203227508026632,0.035
Comércio varejista de bebidas,2211001,Teresina,261.615793676544,5.570692103535184,Alto-Alto,4.664042335049077,0.015
Comércio varejista de bebidas,2211100,União,11.64843390379971,2.5375334054382512,Alto-Alto,6.619031091660328,0.002
Comércio varejista de combustíveis para veículos automotores,2200400,Altos,47.54924101837285,3.8825785616259068,Alto-Alto,1.818955495842762,0.008
Comércio varejista de combustíveis para veículos automotores,2201200,Barras,66.3198309252147,4.20945485781046,Alto-Alto,1.1827860650051325,0.029
Comércio varejista de combustíveis para veículos automotores,2201770,Boa Hora,3.77305156868975,1.5629858422163367,Alto-Alto,0.052474037266484065,0.046
Comércio varejista de combustíveis para veículos automotores,2202059,Cabeceiras do Piauí,3.764566117079574,1.5612064767335534,Alto-Alto,0.05565938404768269,0.02
Comércio varejista de combustíveis para veículos automotores,2202083,Cajueiro da Praia,17.72048656865861,2.929618462627186,Alto-Alto,2.1140574878048715,0.023
Comércio varejista de combustíveis para veículos automotores,2202729,Cocal dos Alves,5.54019665028064,1.8779672338672992,Alto-Alto,0.3114356440345754,0.047
Comércio varejista de combustíveis para veículos automotores,2205300,Jerumenha,7.34522013433077,2.1216889359547015,Alto-Alto,0.5257068689438821,0.007
Comércio varejista de combustíveis para veículos automotores,2205508,José de Freitas,32.1110751713415,3.4998678237393124,Alto-Alto,2.203557746699017,0.002
Comércio varejista de combustíveis para veículos automotores,2205557,Lagoa Alegre,15.89715609688106,2.827145329477586,Alto-Alto,1.0357633799232002,0.016
Comércio varejista de combustíveis para veículos automotores,2211100,União,27.9361941244094,3.3650932033779637,Alto-Alto,2.3710754488977637,0.001
"Comércio varejista de cosméticos, produtos de perfumaria e de higiene pessoal",2201200,Barras,5.168347545355649,1.819430981196912,Alto-Alto,2.1429851945620277,0.035
Comércio varejista de ferragens e ferramentas,2201150,Baixa Grande do Ribeiro,2.489101186584417,1.2496441633846769,Alto-Alto,3.4566864843432223,0.019
Comércio varejista de gás liqüefeito de petróleo (GLP),2203305,Demerval Lobão,11.34613868221258,2.513343356875777,Alto-Alto,5.0637125782630426,0.02
Comércio varejista de gás liqüefeito de petróleo (GLP),2205508,José de Freitas,12.8386611297595,2.6274662063307606,Alto-Alto,4.036048807271106,0.014
Comércio varejista de gás liqüefeito de petróleo (GLP),2206720,Nazária,1.380953999821045,0.8675012476293308,Alto-Alto,3.8520943189003787,0.001
Comércio varejista de gás liqüefeito de petróleo (GLP),2207504,Palmeirais,3.54479715155223,1.5139830955118223,Alto-Alto,3.188684138136749,0.002
Comércio varejista de gás liqüefeito de petróleo (GLP),2211001,Teresina,388.510194478126,5.964890038211232,Alto-Alto,7.980082928985821,0.003
Comércio varejista de gás liqüefeito de petróleo (GLP),2211100,União,2.327980386836468,1.2023656295631309,Alto-Alto,4.047204486832109,0.001
Comércio varejista de hortifrutigranjeiros,2203305,Demerval Lobão,2.46424080249579,1.2424935040161231,Alto-Alto,1.7305676501819762,0.041
Comércio varejista de hortifrutigranjeiros,2206605,Monte Alegre do Piauí,3.20507152003104,1.4362913016110774,Alto-Alto,1.847933345146472,0.042
Comércio varejista de hortifrutigranjeiros,2208403,Piripiri,21.773816057692105,3.1256114575002627,Alto-Alto,2.9008642200992925,0.036
Comércio varejista de hortifrutigranjeiros,2211100,União,11.49464241783174,2.525299945856743,Alto-Alto,3.9008115590362387,0.025
Comércio varejista de madeira e artefatos,2211100,União,14.35572482563768,2.731488357313866,Alto-Alto,6.130121546993608,0.024
Comércio varejista de materiais de construção em geral,2201200,Barras,89.11432689615509,4.5010791630294795,Alto-Alto,1.6735202283682935,0.031
Comércio varejista de materiais de construção em geral,2201507,Batalha,17.81828684170535,2.9348291014116126,Alto-Alto,1.6832023905838516,0.002
Comércio varejista de materiais de construção em geral,2202059,Cabeceiras do Piauí,2.533291546263095,1.262229885850665,Alto-Alto,0.0889738092148699,0.032
Comércio varejista de materiais de construção em geral,2202083,Cajueiro da Praia,3.717968714652876,1.5513783499022167,Alto-Alto,0.7258753444584793,0.042
Comércio varejista de materiais de construção em geral,2204709,Inhuma,16.5467387175537,2.8648681045840836,Alto-Alto,1.03374679426282,0.022
Comércio varejista de materiais de construção em geral,2204808,Ipiranga do Piauí,9.98912801115526,2.3969064214237155,Alto-Alto,0.7127827439649982,0.027
Comércio varejista de materiais de construção em geral,2205508,José de Freitas,71.1359500307889,4.278552533488994,Alto-Alto,1.8887901523576986,0.023
Comércio varejista de materiais de construção em geral,2206902,Novo Oriente do Piauí,5.714424226513049,1.9042580819226274,Alto-Alto,0.6574025689118569,0.005
Comércio varejista de materiais de construção não especificados anteriormente,2204808,Ipiranga do Piauí,12.68058555159974,2.6159777147578747,Alto-Alto,4.789214553984118,0.038
"Comércio varejista de mercadorias em geral, com predominância de produtos alimentícios - hipermercados",2200400,Altos,26.4375598452326,3.311912871980441,Alto-Alto,4.496424054365201,0.03
"Comércio varejista de mercadorias em geral, com predominância de produtos alimentícios - hipermercados",2203305,Demerval Lobão,18.3039228201648,2.9603083301881736,Alto-Alto,5.142784966458758,0.022
"Comércio varejista de mercadorias em geral, com predominância de produtos alimentícios - hipermercados",2211001,Teresina,1159.849352440764,7.056907216552458,Alto-Alto,6.66498225053231,0.007
"Comércio varejista de mercadorias em geral, com predominância de produtos alimentícios - hipermercados",2211100,União,46.4093312754957,3.8588190716784108,Alto-Alto,6.810850883440176,0.005
"Comércio varejista de mercadorias em geral, com predominância de produtos alimentícios - minimercados, mercearias e armazéns",2200509,Amarante,52.9181614569452,3.9874673684141317,Alto-Alto,1.2815691268382043,0.02
"Comércio varejista de mercadorias em geral, com predominância de produtos alimentícios - minimercados, mercearias e armazéns",2203255,Curralinhos,5.522973118972788,1.8753302718446812,Alto-Alto,0.2530710814804344,0.001
"Comércio varejista de mercadorias em geral, com predominância de produtos alimentícios - minimercados, mercearias e armazéns",2206720,Nazária,22.31273461742727,3.14899976137172,Alto-Alto,2.2605664478671317,0.005
"Comércio varejista de mercadorias em geral, com predominância de produtos alimentícios - minimercados, mercearias e armazéns",2207504,Palmeirais,46.26593445672231,3.8557898342673838,Alto-Alto,2.118621144326978,0.001
"Comércio varejista de mercadorias em geral, com predominância de produtos alimentícios - minimercados, mercearias e armazéns",2210508,São Pedro do Piauí,65.1824699678161,4.1924156237646235,Alto-Alto,1.1479478566003096,0.022
"Comércio varejista de mercadorias em geral, com predominância de produtos alimentícios - minimercados, mercearias e armazéns",2210623,Sebastião Barros,7.368613173802499,2.1244881806660336,Alto-Alto,0.4564505685109348,0.012
"Comércio varejista de mercadorias em geral, com predominância de produtos alimentícios - minimercados, mercearias e armazéns",2211100,União,102.3431987245907,4.638055475782263,Alto-Alto,1.7698782148723986,0.022
"Comércio varejista de mercadorias em geral, com predominância de produtos alimentícios - supermercados",2201150,Baixa Grande do Ribeiro,24.3580129034572,3.2330947709571607,Alto-Alto,1.1371747555226392,0.025
"Comércio varejista de mercadorias em geral, com predominância de produtos alimentícios - supermercados",2201200,Barras,63.65177680447731,4.169015588281462,Alto-Alto,1.745323419224841,0.017
"Comércio varejista de mercadorias em geral, com predominância de produtos alimentícios - supermercados",2201507,Batalha,114.2350076508877,4.746973587956235,Alto-Alto,2.55285561563074,0.012
"Comércio varejista de mercadorias em geral, com predominância de produtos alimentícios - supermercados",2205508,José de Freitas,165.8022457695857,5.116808953680446,Alto-Alto,2.5290397303157626,0.024
"Comércio varejista de mercadorias em geral, com predominância de produtos alimentícios - supermercados",2205706,Luís Correia,167.9791758065642,5.129775487251354,Alto-Alto,3.109790170565436,0.029
"Comércio varejista de mercadorias em geral, com predominância de produtos alimentícios - supermercados",2211100,União,14.44733790015192,2.7374366843003943,Alto-Alto,2.3474317123506467,0.001
Comércio varejista de mercadorias em lojas de conveniência,2205581,Lagoa do Piauí,11.52275587829738,2.5275474595243943,Alto-Alto,8.721700713162674,0.02
Comércio varejista de móveis,2202307,Canto do Buriti,16.88068470775423,2.883721063629275,Alto-Alto,1.0499277205679693,0.033
Comércio varejista de móveis,2202752,Colônia do Gurguéia,15.62197038327572,2.8107253373506236,Alto-Alto,1.8029158696288488,0.034
Comércio varejista de móveis,2203602,Eliseu Martins,7.77159474166193,2.1715186304074843,Alto-Alto,1.2914843360350527,0.013
Comércio varejista de móveis,2205904,Manoel Emídio,10.685117324597329,2.4583160085563605,Alto-Alto,1.3167037590779753,0.032
Comércio varejista de móveis,2207009,Oeiras,4.82273724721969,1.761770468570487,Alto-Alto,0.3931493761657568,0.047
Comércio varejista de móveis,2207405,Palmeira do Piauí,10.86464380905381,2.473562869129802,Alto-Alto,1.246150905765247,0.033
Comércio varejista de móveis,2209955,São João da Varjota,2.6640290319569804,1.2985633703495374,Alto-Alto,0.46724044516138646,0.03
Comércio varejista de produtos alimentícios em geral ou especializado em produtos alimentícios não especificados anteriormente,2200400,Altos,3.2590144763782902,1.4490377899440554,Alto-Alto,3.1392836624962706,0.009
Comércio varejista de produtos alimentícios em geral ou especializado em produtos alimentícios não especificados anteriormente,2202083,Cajueiro da Praia,0.433620305744697,0.36020292730165077,Alto-Alto,0.7688710375397727,0.015
Comércio varejista de produtos alimentícios em geral ou especializado em produtos alimentícios não especificados anteriormente,2205706,Luís Correia,15.70086720058513,2.8154606462532383,Alto-Alto,3.897798701677556,0.043
"Comércio varejista de produtos farmacêuticos, com manipulação de fórmulas",2205508,José de Freitas,1.5236259603389462,0.9256967404876588,Alto-Alto,3.0298182561533715,0.004
"Comércio varejista de produtos farmacêuticos, com manipulação de fórmulas",2211100,União,3.44472068231593,1.491717028367351,Alto-Alto,6.520997420434974,0.002
"Comércio varejista de produtos farmacêuticos, sem manipulação de fórmulas",2200400,Altos,78.1459148102384,4.371293171732072,Alto-Alto,1.7884844533725142,0.016
"Comércio varejista de produtos farmacêuticos, sem manipulação de fórmulas",2204105,Francisco Ayres,5.0022613420981,1.7921362885724108,Alto-Alto,0.09061757929245588,0.034
"Comércio varejista de produtos farmacêuticos, sem manipulação de fórmulas",2204550,Guaribas,7.7063693517281,2.164054867193218,Alto-Alto,0.3789164322127627,0.012
"Comércio varejista de produtos farmacêuticos, sem manipulação de fórmulas",2204709,Inhuma,45.6594857191609,3.8428762446542937,Alto-Alto,0.9834768393505618,0.046
"Comércio varejista de produtos farmacêuticos, sem manipulação de fórmulas",2205300,Jerumenha,12.6244812501188,2.611868266438722,Alto-Alto,0.47640825041393003,0.049
"Comércio varejista de produtos farmacêuticos, sem manipulação de fórmulas",2205508,José de Freitas,12.38655402110898,2.5942507719221646,Alto-Alto,0.9414493891763508,0.002
"Comércio varejista de produtos farmacêuticos, sem manipulação de fórmulas",2205557,Lagoa Alegre,8.68039324546576,2.2701025249949187,Alto-Alto,0.3870898430652978,0.046
"Comércio varejista de produtos farmacêuticos, sem manipulação de fórmulas",2206902,Novo Oriente do Piauí,29.2811440691517,3.4105252108525725,Alto-Alto,1.3846981349475185,0.008
"Comércio varejista de produtos farmacêuticos, sem manipulação de fórmulas",2209005,Rio Grande do Piauí,5.040728933519,1.7985246890224027,Alto-Alto,0.07095903909395342,0.048
"Comércio varejista de produtos farmacêuticos, sem manipulação de fórmulas",2211100,União,14.529006474833787,2.742709660538075,Alto-Alto,1.0536980200019508,0.004
"Comércio varejista de produtos farmacêuticos, sem manipulação de fórmulas",2211308,Valença do Piauí,85.73896978131191,4.462903261247822,Alto-Alto,1.3966763114171137,0.033
"Comércio varejista de suvenires, bijuterias e artesanatos",2211100,União,40.9114291434009,3.7355585616514717,Alto-Alto,16.013702245974688,0.002
Comércio varejista especializado de eletrodomésticos e equipamentos de áudio e vídeo,2202539,Caraúbas do Piauí,3.0842233021886027,1.4071315761310288,Alto-Alto,1.3885874665816103,0.046
Comércio varejista especializado de eletrodomésticos e equipamentos de áudio e vídeo,2202729,Cocal dos Alves,1.9672888926567431,1.0876487051755934,Alto-Alto,2.9914778042906773,0.004
Comércio varejista especializado de eletrodomésticos e equipamentos de áudio e vídeo,2205706,Luís Correia,2.022517581084139,1.1060901202257543,Alto-Alto,1.6428553462576316,0.042
Comércio varejista especializado de eletrodomésticos e equipamentos de áudio e vídeo,2206209,Miguel Alves,11.845415391965387,2.5529869688451394,Alto-Alto,3.9759811036047106,0.016
Comércio varejista especializado de eletrodomésticos e equipamentos de áudio e vídeo,2208304,Piracuruca,25.2253295290489,3.266725719658093,Alto-Alto,3.8855606202397768,0.023
Comércio varejista especializado de eletrodomésticos e equipamentos de áudio e vídeo,2209872,São João da Fronteira,5.4372521785456,1.8621017687122379,Alto-Alto,3.2961747444588374,0.021
Comércio varejista especializado de eletrodomésticos e equipamentos de áudio e vídeo,2210052,São José do Divino,1.746026263989497,1.010154871753608,Alto-Alto,1.7556517131582319,0.016
Comércio varejista especializado de eletrodomésticos e equipamentos de áudio e vídeo,2211100,União,15.76795484644325,2.8194696152940737,Alto-Alto,6.492068679505146,0.008
Comércio varejista especializado de equipamentos de telefonia e comunicação,2200400,Altos,34.7905572323793,3.577684094156013,Alto-Alto,7.53289157845911,0.001
Comércio varejista especializado de equipamentos de telefonia e comunicação,2201507,Batalha,3.47880378839453,1.4993559992538932,Alto-Alto,1.1788611824949993,0.034
Comércio varejista especializado de equipamentos de telefonia e comunicação,2205508,José de Freitas,5.00864410651932,1.793199116857815,Alto-Alto,3.7036718492838347,0.001
Comércio varejista especializado de equipamentos de telefonia e comunicação,2211100,União,3.73009196870383,1.5539446460154136,Alto-Alto,2.384296009876767,0.007
Comércio varejista especializado de equipamentos e suprimentos de informática,2201150,Baixa Grande do Ribeiro,5.6218021403078,1.8903675595345686,Alto-Alto,5.113032512382383,0.004
Comércio varejista especializado de equipamentos e suprimentos de informática,2208908,Ribeiro Gonçalves,1.8091211917784389,1.0328716912919744,Alto-Alto,5.398763735916958,0.004
Comércio varejista especializado de equipamentos e suprimentos de informática,2211209,Uruçuí,4.868646435736579,1.7696240170858792,Alto-Alto,2.7244423901781185,0.046
Construção de edifícios,2201150,Baixa Grande do Ribeiro,105.43788182923272,4.66756154577274,Alto-Alto,2.162364624024769,0.01
Construção de edifícios,2201507,Batalha,131.9770410295153,4.890176489482314,Alto-Alto,2.1856683554122154,0.01
Construção de edifícios,2201960,Brasileira,4.150956072039807,1.639182342502007,Alto-Alto,0.36657542624846723,0.021
Construção de edifícios,2202083,Cajueiro da Praia,152.7146847244056,5.03509818745379,Alto-Alto,6.140313977131295,0.026
Construção de edifícios,2205508,José de Freitas,83.6346617753229,4.438343896358755,Alto-Alto,1.8601871603462232,0.015
Construção de edifícios,2208908,Ribeiro Gonçalves,115.6204936083636,4.7589250184069325,Alto-Alto,4.964531461100021,0.001
Construção de edifícios,2209203,Santa Filomena,97.7283819202807,4.592372462552369,Alto-Alto,2.463367115123608,0.033
Construção de rodovias e ferrovias,2205508,José de Freitas,41.6204449447261,3.7523340664265374,Alto-Alto,5.0752572469046,0.005
Construção de rodovias e ferrovias,2209203,Santa Filomena,1.990699931383022,1.09550745077118,Alto-Alto,0.9376873409673675,0.041
Construção de rodovias e ferrovias,2211001,Teresina,1557.380054568238,7.351402134146356,Alto-Alto,3.380449607060176,0.047
Construção de rodovias e ferrovias,2211100,União,129.3534620945438,4.870249700015629,Alto-Alto,9.560871164333966,0.003
Criação de bovinos para corte,2201150,Baixa Grande do Ribeiro,5.20994566983965,1.8261521470890245,Alto-Alto,3.6389914417813536,0.001
Criação de bovinos para corte,2201903,Bom Jesus,90.149582685478,4.512501922787016,Alto-Alto,5.243372595370544,0.005
Criação de bovinos para corte,2203230,Currais,99.1549463101672,4.606718449910375,Alto-Alto,6.533492649494567,0.008
Criação de bovinos para corte,2206605,Monte Alegre do Piauí,15.48291792511808,2.8023245673712984,Alto-Alto,3.918582096380529,0.015
Criação de bovinos para corte,2208700,Redenção do Gurguéia,13.213732414618669,2.654208568746896,Alto-Alto,3.4489845932963594,0.01
Criação de bovinos para corte,2208908,Ribeiro Gonçalves,11.44461999288784,2.5212884004307226,Alto-Alto,5.712918132630243,0.004
Criação de frangos para corte,2200400,Altos,63.7265446879982,4.170171390752568,Alto-Alto,11.582587662239675,0.001
Criação de frangos para corte,2205508,José de Freitas,97.31612049924168,4.588188006578988,Alto-Alto,9.968003688661273,0.004
Criação de frangos para corte,2206720,Nazária,9.83660918725402,2.3829301414737496,Alto-Alto,8.463085757468614,0.02
Criação de frangos para corte,2211001,Teresina,132.4256407151856,4.893544324270953,Alto-Alto,7.557721987622824,0.002
Cultivo de arroz,2201903,Bom Jesus,31.4802693452561,3.480632807908604,Alto-Alto,8.971241973362247,0.001
Cultivo de arroz,2203230,Currais,84.53357587384781,4.448908999135062,Alto-Alto,13.523852909564155,0.004
Cultivo de arroz,2204402,Gilbués,14.71394790027356,2.7545487192507148,Alto-Alto,7.3484463080536235,0.001
Cultivo de arroz,2206605,Monte Alegre do Piauí,11.63454787313434,2.5364349565144564,Alto-Alto,8.905030872867293,0.003
Cultivo de arroz,2207405,Palmeira do Piauí,66.5643892210845,4.213081057577725,Alto-Alto,5.51988544093053,0.043
Cultivo de arroz,2208700,Redenção do Gurguéia,1.577745392595176,0.9469151380397385,Alto-Alto,1.9356264822032603,0.012
Cultivo de soja,2200459,Alvorada do Gurguéia,51.0048872233144,3.9513376992288465,Alto-Alto,3.3940140242693135,0.027
Cultivo de soja,2200806,Antônio Almeida,74.6884014321566,4.326624931163533,Alto-Alto,7.762035786630442,0.001
Cultivo de soja,2207405,Palmeira do Piauí,83.47133762533281,4.436412277121694,Alto-Alto,3.596422460964766,0.025
Cultivo de soja,2210631,Sebastião Leal,718.201198669301,6.578141149826351,Alto-Alto,5.772942153859002,0.026
Cultivo de soja,2211209,Uruçuí,141.76816807201038,4.961222112395772,Alto-Alto,8.541891852174013,0.001
Educação infantil - pré-escola,2200400,Altos,95.80395807140788,4.572687882614029,Alto-Alto,5.690061101508074,0.005
Educação infantil - pré-escola,2201200,Barras,19.0630561655936,2.998880122155522,Alto-Alto,1.8801898134080128,0.024
Educação infantil - pré-escola,2201507,Batalha,81.75932124308889,4.415936651334392,Alto-Alto,4.787602840601552,0.004
Educação infantil - pré-escola,2205508,José de Freitas,5.14987989470633,1.8164325523116829,Alto-Alto,2.508691115733414,0.001
Educação infantil - pré-escola,2208403,Piripiri,34.542728110238166,3.570735581464163,Alto-Alto,1.8629006080902848,0.049
Educação infantil - pré-escola,2211001,Teresina,740.494018199117,6.6086670943830965,Alto-Alto,3.172254644594462,0.039
Educação infantil - pré-escola,2211100,União,25.4172081302654,3.274015620923966,Alto-Alto,3.321864896522678,0.012
Ensino fundamental,2202703,Cocal,2885.49976677898,7.967799893703819,Alto-Alto,4.638999710782063,0.044
Ensino fundamental,2205706,Luís Correia,64.6081016270254,4.183699188736468,Alto-Alto,4.593306416313629,0.026
Fabricação de alimentos para animais,2205508,José de Freitas,13.82037847798971,2.6960031578677346,Alto-Alto,3.2599621595040604,0.031
Fabricação de produtos de padaria e confeitaria com predominância de produção própria,2200400,Altos,20.528484825247368,3.069376933853263,Alto-Alto,3.5639186431853336,0.004
Fabricação de produtos de padaria e confeitaria com predominância de produção própria,2205508,José de Freitas,111.7289724572601,4.724986463936924,Alto-Alto,3.6348948688791896,0.028
Fabricação de produtos de padaria e confeitaria com predominância de produção própria,2206704,Nazaré do Piauí,1.5881362134293329,0.9509380079542717,Alto-Alto,0.42802100706257007,0.037
Fabricação de produtos de panificação industrial,2200400,Altos,12.46863498846038,2.60036364812773,Alto-Alto,3.253637075263675,0.036
Fabricação de produtos de panificação industrial,2203305,Demerval Lobão,22.5498206024698,3.1591182027038918,Alto-Alto,5.219932413349899,0.016
Fabricação de águas envasadas,2207702,Parnaíba,10.21868517226202,2.4175807071548223,Alto-Alto,4.444355854899282,0.045
Formação de condutores,2201200,Barras,6.16329598488487,1.9689702081362637,Alto-Alto,1.8359458809838174,0.044
Formação de condutores,2205706,Luís Correia,13.99993987528971,2.7080461927801576,Alto-Alto,6.011173851234174,0.035
Formação de condutores,2207702,Parnaíba,165.1481793097522,5.11288003662893,Alto-Alto,11.253849474187135,0.016
Hotéis,2201150,Baixa Grande do Ribeiro,8.35722775324934,2.2361490664110764,Alto-Alto,1.9244232989092032,0.02
Hotéis,2202083,Cajueiro da Praia,605.1922569465501,6.407197191441747,Alto-Alto,32.08702141514098,0.007
Hotéis,2205706,Luís Correia,207.8239126041116,5.341491373417167,Alto-Alto,13.505195922960748,0.001
Hotéis,2207702,Parnaíba,155.6238899327949,5.053847325770812,Alto-Alto,5.1669924782979235,0.038
Hotéis,2208908,Ribeiro Gonçalves,3.16038068735774,1.4256065814703327,Alto-Alto,2.2323691958539134,0.011
"Lanchonetes, casas de chá, de sucos e similares",2200400,Altos,46.0709612372417,3.85165627664583,Alto-Alto,5.06625668472918,0.003
"Lanchonetes, casas de chá, de sucos e similares",2203305,Demerval Lobão,8.49713276530683,2.250989938873201,Alto-Alto,1.9059457035982907,0.042
"Lanchonetes, casas de chá, de sucos e similares",2205508,José de Freitas,1.374365596166549,0.8647302844008382,Alto-Alto,0.9594367654106606,0.001
"Lanchonetes, casas de chá, de sucos e similares",2205706,Luís Correia,3.73089146510796,1.5541136551700383,Alto-Alto,1.3408001858092735,0.025
"Lanchonetes, casas de chá, de sucos e similares",2211001,Teresina,938.730631151954,6.845593271592836,Alto-Alto,5.593925254391297,0.005
"Lanchonetes, casas de chá, de sucos e similares",2211100,União,54.9666783016848,4.02475648330729,Alto-Alto,5.0939712549779825,0.007
"Lojas de departamentos ou magazines, exceto lojas francas (Duty free)",2205508,José de Freitas,7.181781007384871,2.1019098539797234,Alto-Alto,2.1759365973056117,0.016
"Lojas de departamentos ou magazines, exceto lojas francas (Duty free)",2206209,Miguel Alves,4.62552602985108,1.727314460136066,Alto-Alto,1.392072764189292,0.034
"Lojas de variedades, exceto lojas de departamentos ou magazines",2201200,Barras,3.09454831875159,1.409656410550304,Alto-Alto,2.8313257141200228,0.015
"Obras de urbanização - ruas, praças e calçadas",2200400,Altos,4.71350134650778,1.7428320312758698,Alto-Alto,4.8035325313286465,0.003
"Obras de urbanização - ruas, praças e calçadas",2206720,Nazária,19.88202826493581,3.0388888974220167,Alto-Alto,13.617477808230534,0.012
"Obras de urbanização - ruas, praças e calçadas",2211001,Teresina,227.310336246897,5.4307058273549265,Alto-Alto,5.054974240844723,0.021
"Obras de urbanização - ruas, praças e calçadas",2211100,União,6.7892246219384695,2.052741319875887,Alto-Alto,6.38289993778938,0.003
Padaria e confeitaria com predominância de revenda,2203305,Demerval Lobão,30.9317924182647,3.463602141019115,Alto-Alto,3.520601907610684,0.032
Padaria e confeitaria com predominância de revenda,2205508,José de Freitas,53.3323678570646,3.9951201424788945,Alto-Alto,6.447722049669886,0.003
Padaria e confeitaria com predominância de revenda,2210359,São Lourenço do Piauí,3.60975337727362,1.5281743582399139,Alto-Alto,2.0541526612859387,0.02
Padaria e confeitaria com predominância de revenda,2211001,Teresina,156.1840939504775,5.057417691354573,Alto-Alto,4.490039217825719,0.006
Padaria e confeitaria com predominância de revenda,2211100,União,40.36807183072,3.722509371476091,Alto-Alto,11.199564270139026,0.001
Restaurantes e similares,2200400,Altos,82.17098620104079,4.420898563463785,Alto-Alto,4.509772934925809,0.002
Restaurantes e similares,2202083,Cajueiro da Praia,363.560686166448,5.898693029130858,Alto-Alto,11.82055820820952,0.026
Restaurantes e similares,2205508,José de Freitas,41.1700056866659,3.7417092026094414,Alto-Alto,3.7814133099038636,0.002
Restaurantes e similares,2205706,Luís Correia,219.2100604669,5.394581911105503,Alto-Alto,5.806871685753504,0.006
Restaurantes e similares,2206720,Nazária,9.67744343178458,2.368133425829924,Alto-Alto,2.9690345604521644,0.019
Restaurantes e similares,2211001,Teresina,4190.72585710913,8.340867827180439,Alto-Alto,3.5660159256834345,0.022
Restaurantes e similares,2211100,União,14.21608386258474,2.722353017261607,Alto-Alto,2.4184305211399315,0.007
Serviços combinados de escritório e apoio administrativo,2200400,Altos,1.480838594732326,0.9085966460566468,Alto-Alto,0.9490952407986469,0.031
Serviços combinados de escritório e apoio administrativo,2204659,Ilha Grande,128.5909495828355,4.864382948013929,Alto-Alto,25.274512649652802,0.005
Serviços de comunicação multimídia - SCM,2201507,Batalha,8.965621081460721,2.299141278010636,Alto-Alto,1.4787426589874044,0.004
Serviços de engenharia,2211100,União,21.572430760723,3.116729283777493,Alto-Alto,6.208582543295382,0.016
Serviços de manutenção e reparação mecânica de veículos automotores,2200400,Altos,3.87300791006707,1.5837113871038584,Alto-Alto,3.8863959728698054,0.006
"Transporte rodoviário de carga, exceto produtos perigosos e mudanças, intermunicipal, interestadual e internacional",2200400,Altos,1.281487682871201,0.8248277226730487,Alto-Alto,0.4935139662517779,0.036
"Transporte rodoviário de carga, exceto produtos perigosos e mudanças, intermunicipal, interestadual e internacional",2203305,Demerval Lobão,11.551087424038707,2.529807309157891,Alto-Alto,3.190742690745982,0.016
"Transporte rodoviário de carga, exceto produtos perigosos e mudanças, intermunicipal, interestadual e internacional",2203404,Dom Expedito Lopes,1.348445116806128,0.8537534567445774,Alto-Alto,0.6580573996470267,0.038
"Transporte rodoviário de carga, exceto produtos perigosos e mudanças, intermunicipal, interestadual e internacional",2204808,Ipiranga do Piauí,1.836949919554703,1.042729503064174,Alto-Alto,0.7052465283773661,0.018
"Transporte rodoviário de carga, exceto produtos perigosos e mudanças, intermunicipal, interestadual e internacional",2205581,Lagoa do Piauí,1.18327073701646,0.7808240904992596,Alto-Alto,0.8133322577643511,0.007
"Transporte rodoviário de carga, exceto produtos perigosos e mudanças, intermunicipal, interestadual e internacional",2211100,União,1.150735094279513,0.7658096880196625,Alto-Alto,0.5716605174010182,0.023
