ancora;X;Y;NM_MUN;quadrante;p_sim
SCM;Serviços de comunicação multimídia - SCM;Atividades de apoio à pecuária não especificadas anteriormente;Alto Longá;Alto-Alto;0,013
SCM;Serviços de comunicação multimídia - SCM;Atividades de apoio à pecuária não especificadas anteriormente;Amarante;Alto-Alto;0,011
SCM;Serviços de comunicação multimídia - SCM;Atividades de apoio à pecuária não especificadas anteriormente;Barreiras do Piauí;Alto-Alto;0,033
SCM;Serviços de comunicação multimídia - SCM;Atividades de apoio à pecuária não especificadas anteriormente;Batalha;Alto-Alto;0,012
SCM;Serviços de comunicação multimídia - SCM;Atividades de apoio à pecuária não especificadas anteriormente;Boa Hora;Alto-Alto;0,006
SCM;Serviços de comunicação multimídia - SCM;Atividades de apoio à pecuária não especificadas anteriormente;Francisco Ayres;Alto-Alto;0,008
SCM;Serviços de comunicação multimídia - SCM;Atividades de apoio à pecuária não especificadas anteriormente;José de Freitas;Alto-Alto;0,036
SCM;Serviços de comunicação multimídia - SCM;Atividades de apoio à pecuária não especificadas anteriormente;Miguel Alves;Alto-Alto;0,01
SCM;Serviços de comunicação multimídia - SCM;Atividades de apoio à pecuária não especificadas anteriormente;Nazaré do Piauí;Alto-Alto;0,018
SCM;Serviços de comunicação multimídia - SCM;Atividades de associações de defesa de direitos sociais;Bom Jesus;Alto-Alto;0,004
SCM;Serviços de comunicação multimídia - SCM;Atividades de associações de defesa de direitos sociais;Cocal dos Alves;Alto-Alto;0,036
SCM;Serviços de comunicação multimídia - SCM;Atividades de consultoria em gestão empresarial, exceto consultoria técnica específica;Batalha;Alto-Alto;0,024
SCM;Serviços de comunicação multimídia - SCM;Atividades de consultoria em gestão empresarial, exceto consultoria técnica específica;José de Freitas;Alto-Alto;0,008
SCM;Serviços de comunicação multimídia - SCM;Atividades de consultoria em gestão empresarial, exceto consultoria técnica específica;Miguel Alves;Alto-Alto;0,049
SCM;Serviços de comunicação multimídia - SCM;Atividades de consultoria em gestão empresarial, exceto consultoria técnica específica;Novo Oriente do Piauí;Alto-Alto;0,007
SCM;Serviços de comunicação multimídia - SCM;Atividades de estética e outros serviços de cuidados com a beleza;Baixa Grande do Ribeiro;Alto-Alto;0,043
SCM;Serviços de comunicação multimídia - SCM;Atividades de estética e outros serviços de cuidados com a beleza;Dom Expedito Lopes;Alto-Alto;0,018
SCM;Serviços de comunicação multimídia - SCM;Atividades de estética e outros serviços de cuidados com a beleza;Geminiano;Alto-Alto;0,033
SCM;Serviços de comunicação multimídia - SCM;Atividades de estética e outros serviços de cuidados com a beleza;José de Freitas;Alto-Alto;0,011
SCM;Serviços de comunicação multimídia - SCM;Coleta de produtos não-madeireiros não especificados anteriormente em florestas nativas;Alto Longá;Alto-Alto;0,027
SCM;Serviços de comunicação multimídia - SCM;Coleta de produtos não-madeireiros não especificados anteriormente em florestas nativas;Barras;Alto-Alto;0,014
SCM;Serviços de comunicação multimídia - SCM;Coleta de produtos não-madeireiros não especificados anteriormente em florestas nativas;Batalha;Alto-Alto;0,023
SCM;Serviços de comunicação multimídia - SCM;Coleta de produtos não-madeireiros não especificados anteriormente em florestas nativas;Cocal;Alto-Alto;0,049
SCM;Serviços de comunicação multimídia - SCM;Coleta de produtos não-madeireiros não especificados anteriormente em florestas nativas;Ilha Grande;Alto-Alto;0,008
SCM;Serviços de comunicação multimídia - SCM;Coleta de produtos não-madeireiros não especificados anteriormente em florestas nativas;Joaquim Pires;Alto-Alto;0,009
SCM;Serviços de comunicação multimídia - SCM;Coleta de produtos não-madeireiros não especificados anteriormente em florestas nativas;Lagoa de São Francisco;Alto-Alto;0,042
SCM;Serviços de comunicação multimídia - SCM;Coleta de produtos não-madeireiros não especificados anteriormente em florestas nativas;Luís Correia;Alto-Alto;0,002
SCM;Serviços de comunicação multimídia - SCM;Coleta de produtos não-madeireiros não especificados anteriormente em florestas nativas;São Miguel do Tapuio;Alto-Alto;0,033
SCM;Serviços de comunicação multimídia - SCM;Comercio varejista de artigos de armarinho;Corrente;Alto-Alto;0,036
SCM;Serviços de comunicação multimídia - SCM;Comercio varejista de artigos de armarinho;São Gonçalo do Piauí;Alto-Alto;0,018
SCM;Serviços de comunicação multimídia - SCM;Comércio a varejo de pneumáticos e câmaras-de-ar;Barreiras do Piauí;Alto-Alto;0,019
SCM;Serviços de comunicação multimídia - SCM;Comércio a varejo de pneumáticos e câmaras-de-ar;Bom Jesus;Alto-Alto;0,007
SCM;Serviços de comunicação multimídia - SCM;Comércio a varejo de pneumáticos e câmaras-de-ar;Lagoa de São Francisco;Alto-Alto;0,04
SCM;Serviços de comunicação multimídia - SCM;Comércio atacadista de cereais e leguminosas beneficiados;Baixa Grande do Ribeiro;Alto-Alto;0,002
SCM;Serviços de comunicação multimídia - SCM;Comércio atacadista de cereais e leguminosas beneficiados;Batalha;Alto-Alto;0,005
SCM;Serviços de comunicação multimídia - SCM;Comércio atacadista de cereais e leguminosas beneficiados;Cocal dos Alves;Alto-Alto;0,022
SCM;Serviços de comunicação multimídia - SCM;Comércio atacadista de cereais e leguminosas beneficiados;Guaribas;Alto-Alto;0,006
SCM;Serviços de comunicação multimídia - SCM;Comércio atacadista de mercadorias em geral, com predominância de insumos agropecuários;Baixa Grande do Ribeiro;Alto-Alto;0,001
SCM;Serviços de comunicação multimídia - SCM;Comércio atacadista de mercadorias em geral, com predominância de insumos agropecuários;Guaribas;Alto-Alto;0,019
SCM;Serviços de comunicação multimídia - SCM;Comércio atacadista de mercadorias em geral, com predominância de insumos agropecuários;Novo Oriente do Piauí;Alto-Alto;0,019
SCM;Serviços de comunicação multimídia - SCM;Comércio atacadista de mercadorias em geral, com predominância de insumos agropecuários;Rio Grande do Piauí;Alto-Alto;0,02
SCM;Serviços de comunicação multimídia - SCM;Comércio varejista de artigos do vestuário e acessórios;Francisco Santos;Alto-Alto;0,02
SCM;Serviços de comunicação multimídia - SCM;Comércio varejista de artigos do vestuário e acessórios;Fronteiras;Alto-Alto;0,022
SCM;Serviços de comunicação multimídia - SCM;Comércio varejista de calçados;Barras;Alto-Alto;0,005
SCM;Serviços de comunicação multimídia - SCM;Comércio varejista de calçados;Jacobina do Piauí;Alto-Alto;0,019
SCM;Serviços de comunicação multimídia - SCM;Comércio varejista de calçados;Porto;Alto-Alto;0,018
SCM;Serviços de comunicação multimídia - SCM;Comércio varejista de calçados;Simões;Alto-Alto;0,019
SCM;Serviços de comunicação multimídia - SCM;Comércio varejista de calçados;União;Alto-Alto;0,002
SCM;Serviços de comunicação multimídia - SCM;Comércio varejista de ferragens e ferramentas;Baixa Grande do Ribeiro;Alto-Alto;0,049
SCM;Serviços de comunicação multimídia - SCM;Comércio varejista de ferragens e ferramentas;Bom Jesus;Alto-Alto;0,045
SCM;Serviços de comunicação multimídia - SCM;Comércio varejista de ferragens e ferramentas;Cocal dos Alves;Alto-Alto;0,004
SCM;Serviços de comunicação multimídia - SCM;Comércio varejista de ferragens e ferramentas;Inhuma;Alto-Alto;0,017
SCM;Serviços de comunicação multimídia - SCM;Comércio varejista de ferragens e ferramentas;Novo Oriente do Piauí;Alto-Alto;0,018
SCM;Serviços de comunicação multimídia - SCM;Comércio varejista de ferragens e ferramentas;Uruçuí;Alto-Alto;0,018
SCM;Serviços de comunicação multimídia - SCM;Comércio varejista de material elétrico;Batalha;Alto-Alto;0,013
SCM;Serviços de comunicação multimídia - SCM;Comércio varejista de material elétrico;Cocal;Alto-Alto;0,029
SCM;Serviços de comunicação multimídia - SCM;Comércio varejista de material elétrico;Dom Expedito Lopes;Alto-Alto;0,016
SCM;Serviços de comunicação multimídia - SCM;Comércio varejista de material elétrico;Geminiano;Alto-Alto;0,034
SCM;Serviços de comunicação multimídia - SCM;Comércio varejista de mercadorias em lojas de conveniência;Altos;Alto-Alto;0,041
SCM;Serviços de comunicação multimídia - SCM;Comércio varejista de mercadorias em lojas de conveniência;Batalha;Alto-Alto;0,025
SCM;Serviços de comunicação multimídia - SCM;Comércio varejista de mercadorias em lojas de conveniência;Boa Hora;Alto-Alto;0,002
SCM;Serviços de comunicação multimídia - SCM;Comércio varejista de mercadorias em lojas de conveniência;Ilha Grande;Alto-Alto;0,021
SCM;Serviços de comunicação multimídia - SCM;Comércio varejista de mercadorias em lojas de conveniência;José de Freitas;Alto-Alto;0,001
SCM;Serviços de comunicação multimídia - SCM;Comércio varejista de mercadorias em lojas de conveniência;Luís Correia;Alto-Alto;0,015
SCM;Serviços de comunicação multimídia - SCM;Comércio varejista de mercadorias em lojas de conveniência;Miguel Alves;Alto-Alto;0,01
SCM;Serviços de comunicação multimídia - SCM;Comércio varejista de produtos farmacêuticos, com manipulação de fórmulas;Acauã;Alto-Alto;0,021
SCM;Serviços de comunicação multimídia - SCM;Comércio varejista de produtos farmacêuticos, com manipulação de fórmulas;Baixa Grande do Ribeiro;Alto-Alto;0,016
SCM;Serviços de comunicação multimídia - SCM;Comércio varejista de produtos farmacêuticos, com manipulação de fórmulas;Betânia do Piauí;Alto-Alto;0,021
SCM;Serviços de comunicação multimídia - SCM;Comércio varejista de produtos farmacêuticos, com manipulação de fórmulas;Jacobina do Piauí;Alto-Alto;0,046
SCM;Serviços de comunicação multimídia - SCM;Comércio varejista de produtos farmacêuticos, com manipulação de fórmulas;Queimada Nova;Alto-Alto;0,013
SCM;Serviços de comunicação multimídia - SCM;Correspondentes de instituições financeiras;Guaribas;Alto-Alto;0,016
SCM;Serviços de comunicação multimídia - SCM;Correspondentes de instituições financeiras;José de Freitas;Alto-Alto;0,048
SCM;Serviços de comunicação multimídia - SCM;Correspondentes de instituições financeiras;São Francisco do Piauí;Alto-Alto;0,041
SCM;Serviços de comunicação multimídia - SCM;Corretagem na compra e venda e avaliação de imóveis;Altos;Alto-Alto;0,007
SCM;Serviços de comunicação multimídia - SCM;Corretagem na compra e venda e avaliação de imóveis;Campo Maior;Alto-Alto;0,01
SCM;Serviços de comunicação multimídia - SCM;Corretagem na compra e venda e avaliação de imóveis;Ilha Grande;Alto-Alto;0,015
SCM;Serviços de comunicação multimídia - SCM;Corretagem na compra e venda e avaliação de imóveis;José de Freitas;Alto-Alto;0,002
SCM;Serviços de comunicação multimídia - SCM;Corretagem na compra e venda e avaliação de imóveis;Lagoa de São Francisco;Alto-Alto;0,034
SCM;Serviços de comunicação multimídia - SCM;Corretagem na compra e venda e avaliação de imóveis;Luís Correia;Alto-Alto;0,009
SCM;Serviços de comunicação multimídia - SCM;Cultivo de milho;Baixa Grande do Ribeiro;Alto-Alto;0,001
SCM;Serviços de comunicação multimídia - SCM;Cultivo de milho;Bom Jesus;Alto-Alto;0,016
SCM;Serviços de comunicação multimídia - SCM;Cultivo de milho;Guaribas;Alto-Alto;0,035
SCM;Serviços de comunicação multimídia - SCM;Cultivo de milho;Uruçuí;Alto-Alto;0,001
SCM;Serviços de comunicação multimídia - SCM;Educação profissional de nível técnico;Batalha;Alto-Alto;0,006
SCM;Serviços de comunicação multimídia - SCM;Educação profissional de nível técnico;Boa Hora;Alto-Alto;0,007
SCM;Serviços de comunicação multimídia - SCM;Educação profissional de nível técnico;Ilha Grande;Alto-Alto;0,008
SCM;Serviços de comunicação multimídia - SCM;Educação profissional de nível técnico;José de Freitas;Alto-Alto;0,039
SCM;Serviços de comunicação multimídia - SCM;Educação profissional de nível técnico;Lagoa de São Francisco;Alto-Alto;0,027
SCM;Serviços de comunicação multimídia - SCM;Educação profissional de nível técnico;Luís Correia;Alto-Alto;0,002
SCM;Serviços de comunicação multimídia - SCM;Educação profissional de nível técnico;Miguel Alves;Alto-Alto;0,011
SCM;Serviços de comunicação multimídia - SCM;Educação profissional de nível técnico;Piripiri;Alto-Alto;0,021
SCM;Serviços de comunicação multimídia - SCM;Fabricação de artefatos de cerâmica e barro cozido para uso na construção, exceto azulejos e pisos;Barras;Alto-Alto;0,028
SCM;Serviços de comunicação multimídia - SCM;Fabricação de artefatos de cerâmica e barro cozido para uso na construção, exceto azulejos e pisos;Geminiano;Alto-Alto;0,041
SCM;Serviços de comunicação multimídia - SCM;Fabricação de artefatos de cerâmica e barro cozido para uso na construção, exceto azulejos e pisos;Itainópolis;Alto-Alto;0,043
SCM;Serviços de comunicação multimídia - SCM;Fabricação de artefatos de cerâmica e barro cozido para uso na construção, exceto azulejos e pisos;Porto;Alto-Alto;0,024
SCM;Serviços de comunicação multimídia - SCM;Fabricação de artefatos de cerâmica e barro cozido para uso na construção, exceto azulejos e pisos;União;Alto-Alto;0,01
SCM;Serviços de comunicação multimídia - SCM;Fabricação de produtos de panificação industrial;Belém do Piauí;Alto-Alto;0,034
SCM;Serviços de comunicação multimídia - SCM;Fabricação de produtos de panificação industrial;Caridade do Piauí;Alto-Alto;0,039
SCM;Serviços de comunicação multimídia - SCM;Fabricação de produtos de panificação industrial;José de Freitas;Alto-Alto;0,032
SCM;Serviços de comunicação multimídia - SCM;Fabricação de produtos de panificação industrial;Nazaré do Piauí;Alto-Alto;0,044
SCM;Serviços de comunicação multimídia - SCM;Formação de condutores;Baixa Grande do Ribeiro;Alto-Alto;0,019
SCM;Serviços de comunicação multimídia - SCM;Formação de condutores;Belém do Piauí;Alto-Alto;0,03
SCM;Serviços de comunicação multimídia - SCM;Formação de condutores;Cocal;Alto-Alto;0,004
SCM;Serviços de comunicação multimídia - SCM;Formação de condutores;Guaribas;Alto-Alto;0,007
SCM;Serviços de comunicação multimídia - SCM;Fornecimento de alimentos preparados preponderantemente para consumo domiciliar;Barras;Alto-Alto;0,005
SCM;Serviços de comunicação multimídia - SCM;Fornecimento de alimentos preparados preponderantemente para consumo domiciliar;Batalha;Alto-Alto;0,001
SCM;Serviços de comunicação multimídia - SCM;Fornecimento de alimentos preparados preponderantemente para consumo domiciliar;Boa Hora;Alto-Alto;0,001
SCM;Serviços de comunicação multimídia - SCM;Fornecimento de alimentos preparados preponderantemente para consumo domiciliar;Capitão de Campos;Alto-Alto;0,032
SCM;Serviços de comunicação multimídia - SCM;Fornecimento de alimentos preparados preponderantemente para consumo domiciliar;Lagoa de São Francisco;Alto-Alto;0,011
SCM;Serviços de comunicação multimídia - SCM;Fornecimento de alimentos preparados preponderantemente para consumo domiciliar;Pedro II;Alto-Alto;0,004
SCM;Serviços de comunicação multimídia - SCM;Fornecimento de alimentos preparados preponderantemente para consumo domiciliar;Piripiri;Alto-Alto;0,02
SCM;Serviços de comunicação multimídia - SCM;Fornecimento de alimentos preparados preponderantemente para empresas;Baixa Grande do Ribeiro;Alto-Alto;0,001
SCM;Serviços de comunicação multimídia - SCM;Fornecimento de alimentos preparados preponderantemente para empresas;Dom Expedito Lopes;Alto-Alto;0,009
SCM;Serviços de comunicação multimídia - SCM;Fornecimento de alimentos preparados preponderantemente para empresas;Geminiano;Alto-Alto;0,026
SCM;Serviços de comunicação multimídia - SCM;Fornecimento de alimentos preparados preponderantemente para empresas;Guaribas;Alto-Alto;0,002
SCM;Serviços de comunicação multimídia - SCM;Fornecimento de alimentos preparados preponderantemente para empresas;Uruçuí;Alto-Alto;0,016
SCM;Serviços de comunicação multimídia - SCM;Impressão de material para uso publicitário;Baixa Grande do Ribeiro;Alto-Alto;0,007
SCM;Serviços de comunicação multimídia - SCM;Impressão de material para uso publicitário;Guaribas;Alto-Alto;0,012
SCM;Serviços de comunicação multimídia - SCM;Impressão de material para uso publicitário;Inhuma;Alto-Alto;0,025
SCM;Serviços de comunicação multimídia - SCM;Impressão de material para uso publicitário;Nazaré do Piauí;Alto-Alto;0,013
SCM;Serviços de comunicação multimídia - SCM;Impressão de material para uso publicitário;Novo Oriente do Piauí;Alto-Alto;0,01
SCM;Serviços de comunicação multimídia - SCM;Incorporação de empreendimentos imobiliários;Amarante;Alto-Alto;0,034
SCM;Serviços de comunicação multimídia - SCM;Incorporação de empreendimentos imobiliários;Barras;Alto-Alto;0,008
SCM;Serviços de comunicação multimídia - SCM;Incorporação de empreendimentos imobiliários;Batalha;Alto-Alto;0,032
SCM;Serviços de comunicação multimídia - SCM;Incorporação de empreendimentos imobiliários;Boa Hora;Alto-Alto;0,024
SCM;Serviços de comunicação multimídia - SCM;Incorporação de empreendimentos imobiliários;Capitão de Campos;Alto-Alto;0,005
SCM;Serviços de comunicação multimídia - SCM;Incorporação de empreendimentos imobiliários;José de Freitas;Alto-Alto;0,033
SCM;Serviços de comunicação multimídia - SCM;Incorporação de empreendimentos imobiliários;Lagoa de São Francisco;Alto-Alto;0,001
SCM;Serviços de comunicação multimídia - SCM;Incorporação de empreendimentos imobiliários;Luís Correia;Alto-Alto;0,048
SCM;Serviços de comunicação multimídia - SCM;Incorporação de empreendimentos imobiliários;Pedro II;Alto-Alto;0,027
SCM;Serviços de comunicação multimídia - SCM;Mandioca;Francisco Santos;Alto-Alto;0,041
SCM;Serviços de comunicação multimídia - SCM;Mandioca;Fronteiras;Alto-Alto;0,016
SCM;Serviços de comunicação multimídia - SCM;Mandioca;Itainópolis;Alto-Alto;0,024
SCM;Serviços de comunicação multimídia - SCM;Mandioca;Nazaré do Piauí;Alto-Alto;0,039
SCM;Serviços de comunicação multimídia - SCM;Mandioca;Oeiras;Alto-Alto;0,001
SCM;Serviços de comunicação multimídia - SCM;Mandioca;Queimada Nova;Alto-Alto;0,029
SCM;Serviços de comunicação multimídia - SCM;Mandioca;Santa Cruz do Piauí;Alto-Alto;0,001
SCM;Serviços de comunicação multimídia - SCM;Mandioca;Santo Inácio do Piauí;Alto-Alto;0,001
SCM;Serviços de comunicação multimídia - SCM;Mandioca;Simplício Mendes;Alto-Alto;0,001
SCM;Serviços de comunicação multimídia - SCM;Mandioca;Socorro do Piauí;Alto-Alto;0,011
SCM;Serviços de comunicação multimídia - SCM;Mandioca;São Francisco do Piauí;Alto-Alto;0,028
SCM;Serviços de comunicação multimídia - SCM;Mandioca;São João do Piauí;Alto-Alto;0,026
SCM;Serviços de comunicação multimídia - SCM;Mandioca;Várzea Grande;Alto-Alto;0,02
SCM;Serviços de comunicação multimídia - SCM;Mel de abelha;Canto do Buriti;Alto-Alto;0,009
SCM;Serviços de comunicação multimídia - SCM;Mel de abelha;Cristino Castro;Alto-Alto;0,048
SCM;Serviços de comunicação multimídia - SCM;Mel de abelha;Nazaré do Piauí;Alto-Alto;0,024
SCM;Serviços de comunicação multimídia - SCM;Obras de acabamento em gesso e estuque;Novo Oriente do Piauí;Alto-Alto;0,03
SCM;Serviços de comunicação multimídia - SCM;Obras de acabamento em gesso e estuque;Regeneração;Alto-Alto;0,049
SCM;Serviços de comunicação multimídia - SCM;Obras de acabamento em gesso e estuque;São Gonçalo do Piauí;Alto-Alto;0,033
SCM;Serviços de comunicação multimídia - SCM;Obras de acabamento em gesso e estuque;Valença do Piauí;Alto-Alto;0,034
SCM;Serviços de comunicação multimídia - SCM;Obras de terraplenagem;Baixa Grande do Ribeiro;Alto-Alto;0,001
SCM;Serviços de comunicação multimídia - SCM;Obras de terraplenagem;Jacobina do Piauí;Alto-Alto;0,049
SCM;Serviços de comunicação multimídia - SCM;Obras de terraplenagem;Uruçuí;Alto-Alto;0,006
SCM;Serviços de comunicação multimídia - SCM;Outras atividades auxiliares dos serviços financeiros não especificadas anteriormente;Alto Longá;Alto-Alto;0,024
SCM;Serviços de comunicação multimídia - SCM;Outras atividades auxiliares dos serviços financeiros não especificadas anteriormente;Altos;Alto-Alto;0,034
SCM;Serviços de comunicação multimídia - SCM;Outras atividades auxiliares dos serviços financeiros não especificadas anteriormente;Barras;Alto-Alto;0,044
SCM;Serviços de comunicação multimídia - SCM;Outras atividades auxiliares dos serviços financeiros não especificadas anteriormente;Batalha;Alto-Alto;0,009
SCM;Serviços de comunicação multimídia - SCM;Outras atividades auxiliares dos serviços financeiros não especificadas anteriormente;Betânia do Piauí;Alto-Alto;0,041
SCM;Serviços de comunicação multimídia - SCM;Outras atividades auxiliares dos serviços financeiros não especificadas anteriormente;Boa Hora;Alto-Alto;0,046
SCM;Serviços de comunicação multimídia - SCM;Outras atividades auxiliares dos serviços financeiros não especificadas anteriormente;Dom Expedito Lopes;Alto-Alto;0,042
SCM;Serviços de comunicação multimídia - SCM;Outras atividades auxiliares dos serviços financeiros não especificadas anteriormente;Ilha Grande;Alto-Alto;0,027
SCM;Serviços de comunicação multimídia - SCM;Outras atividades auxiliares dos serviços financeiros não especificadas anteriormente;Itaueira;Alto-Alto;0,041
SCM;Serviços de comunicação multimídia - SCM;Outras atividades auxiliares dos serviços financeiros não especificadas anteriormente;Jatobá do Piauí;Alto-Alto;0,013
SCM;Serviços de comunicação multimídia - SCM;Outras atividades auxiliares dos serviços financeiros não especificadas anteriormente;José de Freitas;Alto-Alto;0,003
SCM;Serviços de comunicação multimídia - SCM;Outras atividades auxiliares dos serviços financeiros não especificadas anteriormente;Lagoa de São Francisco;Alto-Alto;0,046
SCM;Serviços de comunicação multimídia - SCM;Outras atividades auxiliares dos serviços financeiros não especificadas anteriormente;Nazaré do Piauí;Alto-Alto;0,027
SCM;Serviços de comunicação multimídia - SCM;Produção de ovos;Altos;Alto-Alto;0,043
SCM;Serviços de comunicação multimídia - SCM;Produção de ovos;Beneditinos;Alto-Alto;0,009
SCM;Serviços de comunicação multimídia - SCM;Produção de ovos;Campo Maior;Alto-Alto;0,048
SCM;Serviços de comunicação multimídia - SCM;Produção de ovos;Ilha Grande;Alto-Alto;0,008
SCM;Serviços de comunicação multimídia - SCM;Produção de ovos;Luís Correia;Alto-Alto;0,029
SCM;Serviços de comunicação multimídia - SCM;Produção de ovos;Várzea Grande;Alto-Alto;0,031
SCM;Serviços de comunicação multimídia - SCM;Promoção de vendas;Altos;Alto-Alto;0,029
SCM;Serviços de comunicação multimídia - SCM;Promoção de vendas;Campo Maior;Alto-Alto;0,029
SCM;Serviços de comunicação multimídia - SCM;Promoção de vendas;Capitão de Campos;Alto-Alto;0,026
SCM;Serviços de comunicação multimídia - SCM;Promoção de vendas;Ilha Grande;Alto-Alto;0,019
SCM;Serviços de comunicação multimídia - SCM;Promoção de vendas;José de Freitas;Alto-Alto;0,003
SCM;Serviços de comunicação multimídia - SCM;Promoção de vendas;Lagoa de São Francisco;Alto-Alto;0,006
SCM;Serviços de comunicação multimídia - SCM;Promoção de vendas;União;Alto-Alto;0,016
SCM;Serviços de comunicação multimídia - SCM;Serviços de agronomia e de consultoria às atividades agrícolas e pecuárias;Caridade do Piauí;Alto-Alto;0,046
SCM;Serviços de comunicação multimídia - SCM;Serviços de agronomia e de consultoria às atividades agrícolas e pecuárias;Dom Inocêncio;Alto-Alto;0,034
SCM;Serviços de comunicação multimídia - SCM;Serviços de agronomia e de consultoria às atividades agrícolas e pecuárias;Ilha Grande;Alto-Alto;0,044
SCM;Serviços de comunicação multimídia - SCM;Serviços de alimentação para eventos e recepções - bufê;Baixa Grande do Ribeiro;Alto-Alto;0,007
SCM;Serviços de comunicação multimídia - SCM;Serviços de alimentação para eventos e recepções - bufê;Batalha;Alto-Alto;0,025
SCM;Serviços de comunicação multimídia - SCM;Serviços de alimentação para eventos e recepções - bufê;Guaribas;Alto-Alto;0,036
SCM;Serviços de comunicação multimídia - SCM;Serviços de alimentação para eventos e recepções - bufê;Jatobá do Piauí;Alto-Alto;0,026
SCM;Serviços de comunicação multimídia - SCM;Serviços de alimentação para eventos e recepções - bufê;Novo Oriente do Piauí;Alto-Alto;0,036
SCM;Serviços de comunicação multimídia - SCM;Serviços de alimentação para eventos e recepções - bufê;Piripiri;Alto-Alto;0,031
SCM;Serviços de comunicação multimídia - SCM;Serviços de engenharia;Barras;Alto-Alto;0,005
SCM;Serviços de comunicação multimídia - SCM;Serviços de engenharia;Batalha;Alto-Alto;0,025
SCM;Serviços de comunicação multimídia - SCM;Serviços de engenharia;Boa Hora;Alto-Alto;0,003
SCM;Serviços de comunicação multimídia - SCM;Serviços de engenharia;Francisco Ayres;Alto-Alto;0,048
SCM;Serviços de comunicação multimídia - SCM;Serviços de engenharia;Ilha Grande;Alto-Alto;0,008
SCM;Serviços de comunicação multimídia - SCM;Serviços de engenharia;Jatobá do Piauí;Alto-Alto;0,048
SCM;Serviços de comunicação multimídia - SCM;Serviços de engenharia;José de Freitas;Alto-Alto;0,001
SCM;Serviços de comunicação multimídia - SCM;Serviços de engenharia;Lagoa de São Francisco;Alto-Alto;0,037
SCM;Serviços de comunicação multimídia - SCM;Serviços de engenharia;Luís Correia;Alto-Alto;0,048
SCM;Serviços de comunicação multimídia - SCM;Serviços de engenharia;Miguel Alves;Alto-Alto;0,003
SCM;Serviços de comunicação multimídia - SCM;Serviços de lavagem, lubrificação e polimento de veículos automotores;Baixa Grande do Ribeiro;Alto-Alto;0,006
SCM;Serviços de comunicação multimídia - SCM;Serviços de lavagem, lubrificação e polimento de veículos automotores;Campo Maior;Alto-Alto;0,039
SCM;Serviços de comunicação multimídia - SCM;Serviços de lavagem, lubrificação e polimento de veículos automotores;Guaribas;Alto-Alto;0,045
SCM;Serviços de comunicação multimídia - SCM;Serviços de lavagem, lubrificação e polimento de veículos automotores;José de Freitas;Alto-Alto;0,005
SCM;Serviços de comunicação multimídia - SCM;Serviços de organização de feiras, congressos, exposições e festas;Altos;Alto-Alto;0,032
SCM;Serviços de comunicação multimídia - SCM;Serviços de organização de feiras, congressos, exposições e festas;Ilha Grande;Alto-Alto;0,008
SCM;Serviços de comunicação multimídia - SCM;Serviços de organização de feiras, congressos, exposições e festas;Lagoa de São Francisco;Alto-Alto;0,037
SCM;Serviços de comunicação multimídia - SCM;Serviços de organização de feiras, congressos, exposições e festas;Luís Correia;Alto-Alto;0,023
SCM;Serviços de comunicação multimídia - SCM;Tambacu tambatinga;Alto Longá;Alto-Alto;0,003
SCM;Serviços de comunicação multimídia - SCM;Tambacu tambatinga;Altos;Alto-Alto;0,001
SCM;Serviços de comunicação multimídia - SCM;Tambacu tambatinga;Barras;Alto-Alto;0,029
SCM;Serviços de comunicação multimídia - SCM;Tambacu tambatinga;Beneditinos;Alto-Alto;0,003
SCM;Serviços de comunicação multimídia - SCM;Tambacu tambatinga;Campo Maior;Alto-Alto;0,001
SCM;Serviços de comunicação multimídia - SCM;Tambacu tambatinga;Demerval Lobão;Alto-Alto;0,004
SCM;Serviços de comunicação multimídia - SCM;Tambacu tambatinga;Esperantina;Alto-Alto;0,045
SCM;Serviços de comunicação multimídia - SCM;Tambacu tambatinga;José de Freitas;Alto-Alto;0,011
SCM;Serviços de comunicação multimídia - SCM;Tambacu tambatinga;Lagoa do Piauí;Alto-Alto;0,001
SCM;Serviços de comunicação multimídia - SCM;Tambacu tambatinga;Luzilândia;Alto-Alto;0,024
SCM;Serviços de comunicação multimídia - SCM;Tambacu tambatinga;Novo Oriente do Piauí;Alto-Alto;0,014
SCM;Serviços de comunicação multimídia - SCM;Tambacu tambatinga;Regeneração;Alto-Alto;0,008
SCM;Serviços de comunicação multimídia - SCM;Tambacu tambatinga;São João da Serra;Alto-Alto;0,002
SCM;Serviços de comunicação multimídia - SCM;Tambacu tambatinga;Várzea Grande;Alto-Alto;0,008
Cerâmica;Fabricação de artefatos de cerâmica e barro cozido para uso na construção, exceto azulejos e pisos;Comércio a varejo de peças e acessórios novos para motocicletas e motonetas;São Miguel do Tapuio;Alto-Alto;0,013
Cerâmica;Fabricação de artefatos de cerâmica e barro cozido para uso na construção, exceto azulejos e pisos;Comércio varejista de mercadorias em lojas de conveniência;Cabeceiras do Piauí;Alto-Alto;0,011
Cerâmica;Fabricação de artefatos de cerâmica e barro cozido para uso na construção, exceto azulejos e pisos;Comércio varejista de mercadorias em lojas de conveniência;Coivaras;Alto-Alto;0,019
Cerâmica;Fabricação de artefatos de cerâmica e barro cozido para uso na construção, exceto azulejos e pisos;Comércio varejista de mercadorias em lojas de conveniência;Ilha Grande;Alto-Alto;0,021
Cerâmica;Fabricação de artefatos de cerâmica e barro cozido para uso na construção, exceto azulejos e pisos;Comércio varejista de mercadorias em lojas de conveniência;José de Freitas;Alto-Alto;0,001
Cerâmica;Fabricação de artefatos de cerâmica e barro cozido para uso na construção, exceto azulejos e pisos;Comércio varejista de mercadorias em lojas de conveniência;Miguel Alves;Alto-Alto;0,01
Cerâmica;Fabricação de artefatos de cerâmica e barro cozido para uso na construção, exceto azulejos e pisos;Comércio varejista de mercadorias em lojas de conveniência;Ribeiro Gonçalves;Alto-Alto;0,038
Cerâmica;Fabricação de artefatos de cerâmica e barro cozido para uso na construção, exceto azulejos e pisos;Correspondentes de instituições financeiras;Colônia do Gurguéia;Alto-Alto;0,003
Cerâmica;Fabricação de artefatos de cerâmica e barro cozido para uso na construção, exceto azulejos e pisos;Correspondentes de instituições financeiras;Currais;Alto-Alto;0,018
Cerâmica;Fabricação de artefatos de cerâmica e barro cozido para uso na construção, exceto azulejos e pisos;Correspondentes de instituições financeiras;José de Freitas;Alto-Alto;0,048
Cerâmica;Fabricação de artefatos de cerâmica e barro cozido para uso na construção, exceto azulejos e pisos;Correspondentes de instituições financeiras;São Francisco do Piauí;Alto-Alto;0,048
Cerâmica;Fabricação de artefatos de cerâmica e barro cozido para uso na construção, exceto azulejos e pisos;Correspondentes de instituições financeiras;São Lourenço do Piauí;Alto-Alto;0,029
Cerâmica;Fabricação de artefatos de cerâmica e barro cozido para uso na construção, exceto azulejos e pisos;Serviços de engenharia;Coivaras;Alto-Alto;0,032
Cerâmica;Fabricação de artefatos de cerâmica e barro cozido para uso na construção, exceto azulejos e pisos;Serviços de engenharia;Currais;Alto-Alto;0,01
Cerâmica;Fabricação de artefatos de cerâmica e barro cozido para uso na construção, exceto azulejos e pisos;Serviços de engenharia;Ilha Grande;Alto-Alto;0,008
Cerâmica;Fabricação de artefatos de cerâmica e barro cozido para uso na construção, exceto azulejos e pisos;Serviços de engenharia;José de Freitas;Alto-Alto;0,001
Cerâmica;Fabricação de artefatos de cerâmica e barro cozido para uso na construção, exceto azulejos e pisos;Serviços de engenharia;Miguel Alves;Alto-Alto;0,003
Soja;Soja em grão;Comércio varejista de animais vivos e de artigos e alimentos para animais de estimação;Capitão de Campos;Alto-Alto;0,047
Soja;Soja em grão;Comércio varejista de animais vivos e de artigos e alimentos para animais de estimação;Palmeirais;Alto-Alto;0,006
Soja;Soja em grão;Comércio varejista de animais vivos e de artigos e alimentos para animais de estimação;São Gonçalo do Piauí;Alto-Alto;0,012
Soja;Soja em grão;Comércio varejista especializado de eletrodomésticos e equipamentos de áudio e vídeo;Boa Hora;Alto-Alto;0,009
Soja;Soja em grão;Comércio varejista especializado de eletrodomésticos e equipamentos de áudio e vídeo;Cocal;Alto-Alto;0,004
Soja;Soja em grão;Comércio varejista especializado de eletrodomésticos e equipamentos de áudio e vídeo;Porto Alegre do Piauí;Alto-Alto;0,02
Soja;Soja em grão;Cultivo de soja;Capitão de Campos;Alto-Alto;0,017
Soja;Soja em grão;Cultivo de soja;Cocal;Alto-Alto;0,047
Soja;Soja em grão;Cultivo de soja;Curralinhos;Alto-Alto;0,039
Soja;Soja em grão;Cultivo de soja;Palmeirais;Alto-Alto;0,017
Soja;Soja em grão;Cultivo de soja;São Pedro do Piauí;Alto-Alto;0,001
Tilápia;Tilápia;Atividade médica ambulatorial com recursos para realização de exames complementares;Boa Hora;Alto-Alto;0,033
Tilápia;Tilápia;Atividade médica ambulatorial com recursos para realização de exames complementares;Campo Largo do Piauí;Alto-Alto;0,029
Tilápia;Tilápia;Atividade médica ambulatorial com recursos para realização de exames complementares;Domingos Mourão;Alto-Alto;0,02
Tilápia;Tilápia;Atividade médica ambulatorial com recursos para realização de exames complementares;Ilha Grande;Alto-Alto;0,008
Tilápia;Tilápia;Atividade médica ambulatorial com recursos para realização de exames complementares;Nova Santa Rita;Alto-Alto;0,034
Tilápia;Tilápia;Atividade médica ambulatorial com recursos para realização de exames complementares;Riacho Frio;Alto-Alto;0,024
Tilápia;Tilápia;Atividades de associações de defesa de direitos sociais;Monte Alegre do Piauí;Alto-Alto;0,037
Tilápia;Tilápia;Atividades de associações de defesa de direitos sociais;Riacho Frio;Alto-Alto;0,016
Tilápia;Tilápia;Castanha de caju;Anísio de Abreu;Alto-Alto;0,037
Tilápia;Tilápia;Castanha de caju;Colônia do Piauí;Alto-Alto;0,032
Tilápia;Tilápia;Castanha de caju;Floriano;Alto-Alto;0,023
Tilápia;Tilápia;Castanha de caju;Jurema;Alto-Alto;0,002
Tilápia;Tilápia;Castanha de caju;Manoel Emídio;Alto-Alto;0,026
Tilápia;Tilápia;Comércio varejista de ferragens e ferramentas;Baixa Grande do Ribeiro;Alto-Alto;0,049
Tilápia;Tilápia;Comércio varejista de ferragens e ferramentas;Coivaras;Alto-Alto;0,015
Tilápia;Tilápia;Comércio varejista de ferragens e ferramentas;Domingos Mourão;Alto-Alto;0,015
Tilápia;Tilápia;Comércio varejista de produtos farmacêuticos, com manipulação de fórmulas;Baixa Grande do Ribeiro;Alto-Alto;0,016
Tilápia;Tilápia;Comércio varejista de produtos farmacêuticos, com manipulação de fórmulas;Monte Alegre do Piauí;Alto-Alto;0,028
Tilápia;Tilápia;Comércio varejista de vidros;Lagoa Alegre;Alto-Alto;0,007
Tilápia;Tilápia;Comércio varejista de vidros;Miguel Alves;Alto-Alto;0,029
Tilápia;Tilápia;Comércio varejista de vidros;Riacho Frio;Alto-Alto;0,005
Tilápia;Tilápia;Comércio varejista especializado de equipamentos e suprimentos de informática;Alvorada do Gurguéia;Alto-Alto;0,001
Tilápia;Tilápia;Comércio varejista especializado de equipamentos e suprimentos de informática;Baixa Grande do Ribeiro;Alto-Alto;0,049
Tilápia;Tilápia;Comércio varejista especializado de equipamentos e suprimentos de informática;Coivaras;Alto-Alto;0,022
Tilápia;Tilápia;Cultivo de milho;Baixa Grande do Ribeiro;Alto-Alto;0,001
Tilápia;Tilápia;Cultivo de milho;Monte Alegre do Piauí;Alto-Alto;0,019
Tilápia;Tilápia;Mandioca;Colônia do Piauí;Alto-Alto;0,004
Tilápia;Tilápia;Mandioca;Fronteiras;Alto-Alto;0,016
Tilápia;Tilápia;Mandioca;Isaías Coelho;Alto-Alto;0,001
Tilápia;Tilápia;Mandioca;Nova Santa Rita;Alto-Alto;0,001
Tilápia;Tilápia;Mandioca;Paquetá;Alto-Alto;0,048
Tilápia;Tilápia;Mandioca;Patos do Piauí;Alto-Alto;0,034
Tilápia;Tilápia;Mandioca;Paulistana;Alto-Alto;0,047
Tilápia;Tilápia;Mandioca;Santo Inácio do Piauí;Alto-Alto;0,001
Tilápia;Tilápia;Mandioca;Tanque do Piauí;Alto-Alto;0,024
Tilápia;Tilápia;Mandioca;Várzea Grande;Alto-Alto;0,02
Tilápia;Tilápia;Obras de acabamento em gesso e estuque;Olho D'Água do Piauí;Alto-Alto;0,041
Tilápia;Tilápia;Obras de acabamento em gesso e estuque;São Gonçalo do Piauí;Alto-Alto;0,033
Tilápia;Tilápia;Padaria e confeitaria com predominância de revenda;Alvorada do Gurguéia;Alto-Alto;0,011
Tilápia;Tilápia;Serviços combinados de escritório e apoio administrativo;Antônio Almeida;Alto-Alto;0,032
Tilápia;Tilápia;Serviços combinados de escritório e apoio administrativo;Baixa Grande do Ribeiro;Alto-Alto;0,048
Tilápia;Tilápia;Serviços combinados de escritório e apoio administrativo;Campo Largo do Piauí;Alto-Alto;0,024
Tilápia;Tilápia;Serviços combinados de escritório e apoio administrativo;Domingos Mourão;Alto-Alto;0,017
Tilápia;Tilápia;Tambacu tambatinga;Alto Longá;Alto-Alto;0,003
Tilápia;Tilápia;Tambacu tambatinga;Altos;Alto-Alto;0,001
Tilápia;Tilápia;Tambacu tambatinga;Campo Largo do Piauí;Alto-Alto;0,026
Tilápia;Tilápia;Tambacu tambatinga;Campo Maior;Alto-Alto;0,001
Tilápia;Tilápia;Tambacu tambatinga;Coivaras;Alto-Alto;0,019
Tilápia;Tilápia;Tambacu tambatinga;Curralinhos;Alto-Alto;0,025
Tilápia;Tilápia;Tambacu tambatinga;Demerval Lobão;Alto-Alto;0,004
Tilápia;Tilápia;Tambacu tambatinga;Lagoa Alegre;Alto-Alto;0,011
Tilápia;Tilápia;Tambacu tambatinga;Lagoa do Piauí;Alto-Alto;0,001
Tilápia;Tilápia;Tambacu tambatinga;Nazária;Alto-Alto;0,032
Tilápia;Tilápia;Tambacu tambatinga;Pau D'Arco do Piauí;Alto-Alto;0,001
Tilápia;Tilápia;Tambacu tambatinga;Várzea Grande;Alto-Alto;0,008
Tilápia;Tilápia;Transporte rodoviário coletivo de passageiros, sob regime de fretamento, intermunicipal, interestadual e internacional;Alvorada do Gurguéia;Alto-Alto;0,046
Tilápia;Tilápia;Transporte rodoviário coletivo de passageiros, sob regime de fretamento, intermunicipal, interestadual e internacional;Boa Hora;Alto-Alto;0,045
Tilápia;Tilápia;Transporte rodoviário coletivo de passageiros, sob regime de fretamento, intermunicipal, interestadual e internacional;Ipiranga do Piauí;Alto-Alto;0,001
Tilápia;Tilápia;Transporte rodoviário coletivo de passageiros, sob regime de fretamento, intermunicipal, interestadual e internacional;Paulistana;Alto-Alto;0,029
Tilápia;Tilápia;Transporte rodoviário coletivo de passageiros, sob regime de fretamento, intermunicipal, interestadual e internacional;Várzea Grande;Alto-Alto;0,024
Tambacu;Tambacu tambatinga;Atividades de apoio à pecuária não especificadas anteriormente;Alto Longá;Alto-Alto;0,018
Tambacu;Tambacu tambatinga;Atividades de apoio à pecuária não especificadas anteriormente;Amarante;Alto-Alto;0,015
Tambacu;Tambacu tambatinga;Atividades de apoio à pecuária não especificadas anteriormente;Barreiras do Piauí;Alto-Alto;0,033
Tambacu;Tambacu tambatinga;Atividades de apoio à pecuária não especificadas anteriormente;Batalha;Alto-Alto;0,012
Tambacu;Tambacu tambatinga;Atividades de apoio à pecuária não especificadas anteriormente;José de Freitas;Alto-Alto;0,027
Tambacu;Tambacu tambatinga;Atividades de apoio à pecuária não especificadas anteriormente;Novo Santo Antônio;Alto-Alto;0,022
Tambacu;Tambacu tambatinga;Atividades de apoio à pecuária não especificadas anteriormente;São Félix do Piauí;Alto-Alto;0,029
Tambacu;Tambacu tambatinga;Cartórios;Batalha;Alto-Alto;0,001
Tambacu;Tambacu tambatinga;Cartórios;Bom Jesus;Alto-Alto;0,037
Tambacu;Tambacu tambatinga;Cartórios;Cabeceiras do Piauí;Alto-Alto;0,022
Tambacu;Tambacu tambatinga;Cartórios;Coivaras;Alto-Alto;0,033
Tambacu;Tambacu tambatinga;Cartórios;Jatobá do Piauí;Alto-Alto;0,039
Tambacu;Tambacu tambatinga;Cartórios;José de Freitas;Alto-Alto;0,027
Tambacu;Tambacu tambatinga;Cartórios;Santa Cruz dos Milagres;Alto-Alto;0,024
Tambacu;Tambacu tambatinga;Cartórios;São Gonçalo do Gurguéia;Alto-Alto;0,045
Tambacu;Tambacu tambatinga;Cartórios;São João do Arraial;Alto-Alto;0,049
Tambacu;Tambacu tambatinga;Casas lotéricas;Cocal de Telha;Alto-Alto;0,047
Tambacu;Tambacu tambatinga;Casas lotéricas;Inhuma;Alto-Alto;0,003
Tambacu;Tambacu tambatinga;Casas lotéricas;Pio IX;Alto-Alto;0,002
Tambacu;Tambacu tambatinga;Casas lotéricas;Valença do Piauí;Alto-Alto;0,001
Tambacu;Tambacu tambatinga;Coleta de produtos não-madeireiros não especificados anteriormente em florestas nativas;Alto Longá;Alto-Alto;0,027
Tambacu;Tambacu tambatinga;Coleta de produtos não-madeireiros não especificados anteriormente em florestas nativas;Batalha;Alto-Alto;0,023
Tambacu;Tambacu tambatinga;Coleta de produtos não-madeireiros não especificados anteriormente em florestas nativas;Buriti dos Lopes;Alto-Alto;0,002
Tambacu;Tambacu tambatinga;Coleta de produtos não-madeireiros não especificados anteriormente em florestas nativas;Ilha Grande;Alto-Alto;0,008
Tambacu;Tambacu tambatinga;Coleta de produtos não-madeireiros não especificados anteriormente em florestas nativas;Joaquim Pires;Alto-Alto;0,009
Tambacu;Tambacu tambatinga;Coleta de produtos não-madeireiros não especificados anteriormente em florestas nativas;Luís Correia;Alto-Alto;0,002
Tambacu;Tambacu tambatinga;Coleta de produtos não-madeireiros não especificados anteriormente em florestas nativas;Novo Santo Antônio;Alto-Alto;0,004
Tambacu;Tambacu tambatinga;Coleta de produtos não-madeireiros não especificados anteriormente em florestas nativas;São Miguel do Tapuio;Alto-Alto;0,033
Tambacu;Tambacu tambatinga;Comercio varejista de artigos de cama, mesa e banho;Campo Maior;Alto-Alto;0,023
Tambacu;Tambacu tambatinga;Comercio varejista de artigos de cama, mesa e banho;Coivaras;Alto-Alto;0,045
Tambacu;Tambacu tambatinga;Comercio varejista de artigos de cama, mesa e banho;José de Freitas;Alto-Alto;0,006
Tambacu;Tambacu tambatinga;Comercio varejista de artigos de cama, mesa e banho;Novo Santo Antônio;Alto-Alto;0,011
Tambacu;Tambacu tambatinga;Comercio varejista de artigos de cama, mesa e banho;Pau D'Arco do Piauí;Alto-Alto;0,043
Tambacu;Tambacu tambatinga;Comercio varejista de artigos de cama, mesa e banho;São Miguel do Tapuio;Alto-Alto;0,038
Tambacu;Tambacu tambatinga;Comercio varejista de artigos de cama, mesa e banho;Teresina;Alto-Alto;0,002
Tambacu;Tambacu tambatinga;Comércio atacadista de embalagens;Brejo do Piauí;Alto-Alto;0,018
Tambacu;Tambacu tambatinga;Comércio atacadista de embalagens;Curralinhos;Alto-Alto;0,031
Tambacu;Tambacu tambatinga;Comércio atacadista de embalagens;Demerval Lobão;Alto-Alto;0,022
Tambacu;Tambacu tambatinga;Comércio atacadista de embalagens;José de Freitas;Alto-Alto;0,031
Tambacu;Tambacu tambatinga;Comércio atacadista de embalagens;Lagoa do Piauí;Alto-Alto;0,004
Tambacu;Tambacu tambatinga;Comércio atacadista de embalagens;Monsenhor Gil;Alto-Alto;0,046
Tambacu;Tambacu tambatinga;Comércio atacadista de embalagens;Nazária;Alto-Alto;0,013
Tambacu;Tambacu tambatinga;Comércio atacadista de embalagens;Palmeirais;Alto-Alto;0,031
Tambacu;Tambacu tambatinga;Comércio atacadista de embalagens;Pau D'Arco do Piauí;Alto-Alto;0,006
Tambacu;Tambacu tambatinga;Comércio atacadista de embalagens;União;Alto-Alto;0,02
Tambacu;Tambacu tambatinga;Comércio atacadista de mercadorias em geral, com predominância de insumos agropecuários;Monte Alegre do Piauí;Alto-Alto;0,035
Tambacu;Tambacu tambatinga;Comércio atacadista de mercadorias em geral, com predominância de insumos agropecuários;Ribeiro Gonçalves;Alto-Alto;0,008
Tambacu;Tambacu tambatinga;Comércio varejista de material elétrico;Batalha;Alto-Alto;0,013
Tambacu;Tambacu tambatinga;Comércio varejista de mercadorias em geral, com predominância de produtos alimentícios - hipermercados;Beneditinos;Alto-Alto;0,047
Tambacu;Tambacu tambatinga;Comércio varejista de mercadorias em geral, com predominância de produtos alimentícios - hipermercados;Buriti dos Lopes;Alto-Alto;0,043
Tambacu;Tambacu tambatinga;Comércio varejista de mercadorias em geral, com predominância de produtos alimentícios - hipermercados;Coivaras;Alto-Alto;0,033
Tambacu;Tambacu tambatinga;Comércio varejista de mercadorias em geral, com predominância de produtos alimentícios - hipermercados;Ilha Grande;Alto-Alto;0,008
Tambacu;Tambacu tambatinga;Comércio varejista de mercadorias em geral, com predominância de produtos alimentícios - hipermercados;José de Freitas;Alto-Alto;0,016
Tambacu;Tambacu tambatinga;Comércio varejista de mercadorias em geral, com predominância de produtos alimentícios - hipermercados;Luís Correia;Alto-Alto;0,027
Tambacu;Tambacu tambatinga;Comércio varejista de mercadorias em geral, com predominância de produtos alimentícios - hipermercados;Pau D'Arco do Piauí;Alto-Alto;0,01
Tambacu;Tambacu tambatinga;Comércio varejista de mercadorias em geral, com predominância de produtos alimentícios - hipermercados;Santa Cruz dos Milagres;Alto-Alto;0,028
Tambacu;Tambacu tambatinga;Comércio varejista de mercadorias em geral, com predominância de produtos alimentícios - hipermercados;São Félix do Piauí;Alto-Alto;0,027
Tambacu;Tambacu tambatinga;Comércio varejista de mercadorias em geral, com predominância de produtos alimentícios - hipermercados;Teresina;Alto-Alto;0,004
Tambacu;Tambacu tambatinga;Comércio varejista de mercadorias em geral, com predominância de produtos alimentícios - hipermercados;Valença do Piauí;Alto-Alto;0,033
Tambacu;Tambacu tambatinga;Comércio varejista de mercadorias em lojas de conveniência;Batalha;Alto-Alto;0,025
Tambacu;Tambacu tambatinga;Comércio varejista de mercadorias em lojas de conveniência;Cabeceiras do Piauí;Alto-Alto;0,011
Tambacu;Tambacu tambatinga;Comércio varejista de mercadorias em lojas de conveniência;Coivaras;Alto-Alto;0,019
Tambacu;Tambacu tambatinga;Comércio varejista de mercadorias em lojas de conveniência;Ilha Grande;Alto-Alto;0,021
Tambacu;Tambacu tambatinga;Comércio varejista de mercadorias em lojas de conveniência;José de Freitas;Alto-Alto;0,001
Tambacu;Tambacu tambatinga;Comércio varejista de mercadorias em lojas de conveniência;Luís Correia;Alto-Alto;0,015
Tambacu;Tambacu tambatinga;Comércio varejista de mercadorias em lojas de conveniência;Novo Santo Antônio;Alto-Alto;0,039
Tambacu;Tambacu tambatinga;Comércio varejista de mercadorias em lojas de conveniência;Ribeiro Gonçalves;Alto-Alto;0,039
Tambacu;Tambacu tambatinga;Comércio varejista de mercadorias em lojas de conveniência;Teresina;Alto-Alto;0,014
Tambacu;Tambacu tambatinga;Comércio varejista de outros produtos não especificados anteriormente;Amarante;Alto-Alto;0,029
Tambacu;Tambacu tambatinga;Comércio varejista de outros produtos não especificados anteriormente;Angical do Piauí;Alto-Alto;0,031
Tambacu;Tambacu tambatinga;Comércio varejista de outros produtos não especificados anteriormente;Arraial;Alto-Alto;0,029
Tambacu;Tambacu tambatinga;Comércio varejista de outros produtos não especificados anteriormente;Barreiras do Piauí;Alto-Alto;0,043
Tambacu;Tambacu tambatinga;Comércio varejista de outros produtos não especificados anteriormente;Batalha;Alto-Alto;0,045
Tambacu;Tambacu tambatinga;Comércio varejista de outros produtos não especificados anteriormente;Beneditinos;Alto-Alto;0,007
Tambacu;Tambacu tambatinga;Comércio varejista de outros produtos não especificados anteriormente;Elesbão Veloso;Alto-Alto;0,04
Tambacu;Tambacu tambatinga;Comércio varejista de outros produtos não especificados anteriormente;Francinópolis;Alto-Alto;0,004
Tambacu;Tambacu tambatinga;Comércio varejista de outros produtos não especificados anteriormente;Lagoa do Piauí;Alto-Alto;0,003
Tambacu;Tambacu tambatinga;Comércio varejista de outros produtos não especificados anteriormente;Pau D'Arco do Piauí;Alto-Alto;0,009
Tambacu;Tambacu tambatinga;Comércio varejista de outros produtos não especificados anteriormente;Tanque do Piauí;Alto-Alto;0,038
Tambacu;Tambacu tambatinga;Comércio varejista de outros produtos não especificados anteriormente;Teresina;Alto-Alto;0,026
Tambacu;Tambacu tambatinga;Comércio varejista de produtos farmacêuticos, com manipulação de fórmulas;Monte Alegre do Piauí;Alto-Alto;0,028
Tambacu;Tambacu tambatinga;Comércio varejista especializado de equipamentos de telefonia e comunicação;Batalha;Alto-Alto;0,025
Tambacu;Tambacu tambatinga;Comércio varejista especializado de equipamentos de telefonia e comunicação;Cabeceiras do Piauí;Alto-Alto;0,004
Tambacu;Tambacu tambatinga;Comércio varejista especializado de equipamentos de telefonia e comunicação;Campo Maior;Alto-Alto;0,007
Tambacu;Tambacu tambatinga;Comércio varejista especializado de equipamentos de telefonia e comunicação;Cocal de Telha;Alto-Alto;0,034
Tambacu;Tambacu tambatinga;Comércio varejista especializado de equipamentos de telefonia e comunicação;Coivaras;Alto-Alto;0,001
Tambacu;Tambacu tambatinga;Comércio varejista especializado de equipamentos de telefonia e comunicação;Jatobá do Piauí;Alto-Alto;0,021
Tambacu;Tambacu tambatinga;Comércio varejista especializado de equipamentos de telefonia e comunicação;José de Freitas;Alto-Alto;0,001
Tambacu;Tambacu tambatinga;Comércio varejista especializado de equipamentos de telefonia e comunicação;Novo Santo Antônio;Alto-Alto;0,017
Tambacu;Tambacu tambatinga;Comércio varejista especializado de equipamentos de telefonia e comunicação;Pau D'Arco do Piauí;Alto-Alto;0,018
Tambacu;Tambacu tambatinga;Comércio varejista especializado de equipamentos de telefonia e comunicação;Ribeiro Gonçalves;Alto-Alto;0,008
Tambacu;Tambacu tambatinga;Comércio varejista especializado de equipamentos de telefonia e comunicação;Sigefredo Pacheco;Alto-Alto;0,049
Tambacu;Tambacu tambatinga;Comércio varejista especializado de equipamentos de telefonia e comunicação;Teresina;Alto-Alto;0,004
Tambacu;Tambacu tambatinga;Construção de rodovias e ferrovias;Bom Jesus;Alto-Alto;0,002
Tambacu;Tambacu tambatinga;Construção de rodovias e ferrovias;Ribeiro Gonçalves;Alto-Alto;0,001
Tambacu;Tambacu tambatinga;Construção de rodovias e ferrovias;São Gonçalo do Gurguéia;Alto-Alto;0,036
Tambacu;Tambacu tambatinga;Correspondentes de instituições financeiras;Brejo do Piauí;Alto-Alto;0,034
Tambacu;Tambacu tambatinga;Corretagem na compra e venda e avaliação de imóveis;Buriti dos Lopes;Alto-Alto;0,026
Tambacu;Tambacu tambatinga;Corretagem na compra e venda e avaliação de imóveis;Cabeceiras do Piauí;Alto-Alto;0,012
Tambacu;Tambacu tambatinga;Corretagem na compra e venda e avaliação de imóveis;Campo Maior;Alto-Alto;0,01
Tambacu;Tambacu tambatinga;Corretagem na compra e venda e avaliação de imóveis;Coivaras;Alto-Alto;0,001
Tambacu;Tambacu tambatinga;Corretagem na compra e venda e avaliação de imóveis;Ilha Grande;Alto-Alto;0,015
Tambacu;Tambacu tambatinga;Corretagem na compra e venda e avaliação de imóveis;José de Freitas;Alto-Alto;0,002
Tambacu;Tambacu tambatinga;Corretagem na compra e venda e avaliação de imóveis;Luís Correia;Alto-Alto;0,009
Tambacu;Tambacu tambatinga;Corretagem na compra e venda e avaliação de imóveis;Pau D'Arco do Piauí;Alto-Alto;0,024
Tambacu;Tambacu tambatinga;Corretagem na compra e venda e avaliação de imóveis;Teresina;Alto-Alto;0,012
Tambacu;Tambacu tambatinga;Cultivo de soja;Angical do Piauí;Alto-Alto;0,015
Tambacu;Tambacu tambatinga;Cultivo de soja;Curralinhos;Alto-Alto;0,04
Tambacu;Tambacu tambatinga;Cultivo de soja;Lagoa do Piauí;Alto-Alto;0,021
Tambacu;Tambacu tambatinga;Cultivo de soja;Nazária;Alto-Alto;0,004
Tambacu;Tambacu tambatinga;Cultivo de soja;Palmeirais;Alto-Alto;0,017
Tambacu;Tambacu tambatinga;Educação profissional de nível técnico;Batalha;Alto-Alto;0,006
Tambacu;Tambacu tambatinga;Educação profissional de nível técnico;Buriti dos Lopes;Alto-Alto;0,04
Tambacu;Tambacu tambatinga;Educação profissional de nível técnico;Cabeceiras do Piauí;Alto-Alto;0,029
Tambacu;Tambacu tambatinga;Educação profissional de nível técnico;Coivaras;Alto-Alto;0,048
Tambacu;Tambacu tambatinga;Educação profissional de nível técnico;Ilha Grande;Alto-Alto;0,008
Tambacu;Tambacu tambatinga;Educação profissional de nível técnico;José de Freitas;Alto-Alto;0,039
Tambacu;Tambacu tambatinga;Educação profissional de nível técnico;Luís Correia;Alto-Alto;0,002
Tambacu;Tambacu tambatinga;Educação profissional de nível técnico;Nossa Senhora dos Remédios;Alto-Alto;0,045
Tambacu;Tambacu tambatinga;Educação profissional de nível técnico;Piripiri;Alto-Alto;0,021
Tambacu;Tambacu tambatinga;Fabricação de alimentos para animais;Batalha;Alto-Alto;0,025
Tambacu;Tambacu tambatinga;Fabricação de alimentos para animais;Cabeceiras do Piauí;Alto-Alto;0,005
Tambacu;Tambacu tambatinga;Fabricação de alimentos para animais;Campo Maior;Alto-Alto;0,022
Tambacu;Tambacu tambatinga;Fabricação de alimentos para animais;Coivaras;Alto-Alto;0,019
Tambacu;Tambacu tambatinga;Fabricação de alimentos para animais;José de Freitas;Alto-Alto;0,043
Tambacu;Tambacu tambatinga;Fabricação de alimentos para animais;Monte Alegre do Piauí;Alto-Alto;0,042
Tambacu;Tambacu tambatinga;Fabricação de alimentos para animais;Nossa Senhora dos Remédios;Alto-Alto;0,021
Tambacu;Tambacu tambatinga;Fabricação de alimentos para animais;Pau D'Arco do Piauí;Alto-Alto;0,017
Tambacu;Tambacu tambatinga;Fabricação de alimentos para animais;Ribeiro Gonçalves;Alto-Alto;0,009
Tambacu;Tambacu tambatinga;Fabricação de alimentos para animais;Teresina;Alto-Alto;0,01
Tambacu;Tambacu tambatinga;Fabricação de alimentos para animais;União;Alto-Alto;0,019
Tambacu;Tambacu tambatinga;Formação de condutores;Pedro Laurentino;Alto-Alto;0,022
Tambacu;Tambacu tambatinga;Formação de condutores;Ribeiro Gonçalves;Alto-Alto;0,032
Tambacu;Tambacu tambatinga;Fornecimento de alimentos preparados preponderantemente para empresas;Monte Alegre do Piauí;Alto-Alto;0,023
Tambacu;Tambacu tambatinga;Fornecimento de alimentos preparados preponderantemente para empresas;Ribeiro Gonçalves;Alto-Alto;0,002
Tambacu;Tambacu tambatinga;Fornecimento de alimentos preparados preponderantemente para empresas;Uruçuí;Alto-Alto;0,016
Tambacu;Tambacu tambatinga;Manutenção e reparação de motocicletas e motonetas;Batalha;Alto-Alto;0,011
Tambacu;Tambacu tambatinga;Manutenção e reparação de motocicletas e motonetas;José de Freitas;Alto-Alto;0,014
Tambacu;Tambacu tambatinga;Manutenção e reparação de motocicletas e motonetas;Uruçuí;Alto-Alto;0,028
Tambacu;Tambacu tambatinga;Mel de abelha;Canto do Buriti;Alto-Alto;0,009
Tambacu;Tambacu tambatinga;Obras de urbanização - ruas, praças e calçadas;Batalha;Alto-Alto;0,001
Tambacu;Tambacu tambatinga;Obras de urbanização - ruas, praças e calçadas;Cabeceiras do Piauí;Alto-Alto;0,019
Tambacu;Tambacu tambatinga;Obras de urbanização - ruas, praças e calçadas;Castelo do Piauí;Alto-Alto;0,031
Tambacu;Tambacu tambatinga;Obras de urbanização - ruas, praças e calçadas;Coivaras;Alto-Alto;0,042
Tambacu;Tambacu tambatinga;Obras de urbanização - ruas, praças e calçadas;Jatobá do Piauí;Alto-Alto;0,011
Tambacu;Tambacu tambatinga;Obras de urbanização - ruas, praças e calçadas;Novo Santo Antônio;Alto-Alto;0,021
Tambacu;Tambacu tambatinga;Obras de urbanização - ruas, praças e calçadas;Palmeirais;Alto-Alto;0,027
Tambacu;Tambacu tambatinga;Obras de urbanização - ruas, praças e calçadas;Sigefredo Pacheco;Alto-Alto;0,021
Tambacu;Tambacu tambatinga;Oleaginosos;Beneditinos;Alto-Alto;0,031
Tambacu;Tambacu tambatinga;Oleaginosos;Regeneração;Alto-Alto;0,016
Tambacu;Tambacu tambatinga;Outras atividades auxiliares dos serviços financeiros não especificadas anteriormente;Batalha;Alto-Alto;0,009
Tambacu;Tambacu tambatinga;Outras atividades auxiliares dos serviços financeiros não especificadas anteriormente;Cabeceiras do Piauí;Alto-Alto;0,008
Tambacu;Tambacu tambatinga;Outras atividades auxiliares dos serviços financeiros não especificadas anteriormente;Cocal de Telha;Alto-Alto;0,019
Tambacu;Tambacu tambatinga;Outras atividades auxiliares dos serviços financeiros não especificadas anteriormente;Coivaras;Alto-Alto;0,013
Tambacu;Tambacu tambatinga;Outras atividades auxiliares dos serviços financeiros não especificadas anteriormente;Ilha Grande;Alto-Alto;0,027
Tambacu;Tambacu tambatinga;Outras atividades auxiliares dos serviços financeiros não especificadas anteriormente;Jatobá do Piauí;Alto-Alto;0,013
Tambacu;Tambacu tambatinga;Outras atividades auxiliares dos serviços financeiros não especificadas anteriormente;José de Freitas;Alto-Alto;0,003
Tambacu;Tambacu tambatinga;Outras atividades auxiliares dos serviços financeiros não especificadas anteriormente;Nossa Senhora dos Remédios;Alto-Alto;0,041
Tambacu;Tambacu tambatinga;Outras atividades auxiliares dos serviços financeiros não especificadas anteriormente;Novo Santo Antônio;Alto-Alto;0,019
Tambacu;Tambacu tambatinga;Outras atividades auxiliares dos serviços financeiros não especificadas anteriormente;Sigefredo Pacheco;Alto-Alto;0,005
Tambacu;Tambacu tambatinga;Produção de ovos;Barra D'Alcântara;Alto-Alto;0,048
Tambacu;Tambacu tambatinga;Produção de ovos;Beneditinos;Alto-Alto;0,009
Tambacu;Tambacu tambatinga;Produção de ovos;Buriti dos Lopes;Alto-Alto;0,042
Tambacu;Tambacu tambatinga;Produção de ovos;Campo Maior;Alto-Alto;0,048
Tambacu;Tambacu tambatinga;Produção de ovos;Coivaras;Alto-Alto;0,005
Tambacu;Tambacu tambatinga;Produção de ovos;Ilha Grande;Alto-Alto;0,008
Tambacu;Tambacu tambatinga;Produção de ovos;Luís Correia;Alto-Alto;0,029
Tambacu;Tambacu tambatinga;Produção de ovos;Pau D'Arco do Piauí;Alto-Alto;0,017
Tambacu;Tambacu tambatinga;Produção de ovos;Teresina;Alto-Alto;0,004
Tambacu;Tambacu tambatinga;Produção de ovos;Várzea Grande;Alto-Alto;0,048
Tambacu;Tambacu tambatinga;Seleção e agenciamento de mão-de-obra;Batalha;Alto-Alto;0,001
Tambacu;Tambacu tambatinga;Seleção e agenciamento de mão-de-obra;Cabeceiras do Piauí;Alto-Alto;0,023
Tambacu;Tambacu tambatinga;Seleção e agenciamento de mão-de-obra;Coivaras;Alto-Alto;0,013
Tambacu;Tambacu tambatinga;Seleção e agenciamento de mão-de-obra;Esperantina;Alto-Alto;0,041
Tambacu;Tambacu tambatinga;Seleção e agenciamento de mão-de-obra;Ilha Grande;Alto-Alto;0,032
Tambacu;Tambacu tambatinga;Seleção e agenciamento de mão-de-obra;José de Freitas;Alto-Alto;0,012
Tambacu;Tambacu tambatinga;Seleção e agenciamento de mão-de-obra;Teresina;Alto-Alto;0,003
Tambacu;Tambacu tambatinga;Serviço de manejo de animais;Cabeceiras do Piauí;Alto-Alto;0,008
Tambacu;Tambacu tambatinga;Serviço de manejo de animais;Cocal de Telha;Alto-Alto;0,008
Tambacu;Tambacu tambatinga;Serviço de manejo de animais;Coivaras;Alto-Alto;0,001
Tambacu;Tambacu tambatinga;Serviço de manejo de animais;Jatobá do Piauí;Alto-Alto;0,019
Tambacu;Tambacu tambatinga;Serviço de manejo de animais;José de Freitas;Alto-Alto;0,004
Tambacu;Tambacu tambatinga;Serviço de manejo de animais;Novo Santo Antônio;Alto-Alto;0,028
Tambacu;Tambacu tambatinga;Serviço de manejo de animais;Sigefredo Pacheco;Alto-Alto;0,008
Tambacu;Tambacu tambatinga;Serviço de manejo de animais;São Gonçalo do Piauí;Alto-Alto;0,033
Tambacu;Tambacu tambatinga;Serviços de funerárias;Batalha;Alto-Alto;0,03
Tambacu;Tambacu tambatinga;Serviços de funerárias;Cabeceiras do Piauí;Alto-Alto;0,042
Tambacu;Tambacu tambatinga;Serviços de funerárias;Campinas do Piauí;Alto-Alto;0,046
Tambacu;Tambacu tambatinga;Serviços de funerárias;Coivaras;Alto-Alto;0,037
Tambacu;Tambacu tambatinga;Serviços de funerárias;Monte Alegre do Piauí;Alto-Alto;0,022
Tambacu;Tambacu tambatinga;Serviços de funerárias;Nossa Senhora dos Remédios;Alto-Alto;0,043
Tambacu;Tambacu tambatinga;Serviços de funerárias;Pau D'Arco do Piauí;Alto-Alto;0,026
Tambacu;Tambacu tambatinga;Serviços de funerárias;Pedro Laurentino;Alto-Alto;0,025
Tambacu;Tambacu tambatinga;Serviços de funerárias;Piripiri;Alto-Alto;0,023
Tambacu;Tambacu tambatinga;Serviços de funerárias;São Gonçalo do Piauí;Alto-Alto;0,049
Tambacu;Tambacu tambatinga;Serviços de funerárias;São João da Serra;Alto-Alto;0,025
Tambacu;Tambacu tambatinga;Serviços de manutenção e reparação mecânica de veículos automotores;Batalha;Alto-Alto;0,002
Tambacu;Tambacu tambatinga;Serviços de manutenção e reparação mecânica de veículos automotores;Beneditinos;Alto-Alto;0,021
Tambacu;Tambacu tambatinga;Serviços de manutenção e reparação mecânica de veículos automotores;Cabeceiras do Piauí;Alto-Alto;0,003
Tambacu;Tambacu tambatinga;Serviços de manutenção e reparação mecânica de veículos automotores;Cocal de Telha;Alto-Alto;0,007
Tambacu;Tambacu tambatinga;Serviços de manutenção e reparação mecânica de veículos automotores;Coivaras;Alto-Alto;0,006
Tambacu;Tambacu tambatinga;Serviços de manutenção e reparação mecânica de veículos automotores;Jatobá do Piauí;Alto-Alto;0,048
Tambacu;Tambacu tambatinga;Serviços de manutenção e reparação mecânica de veículos automotores;José de Freitas;Alto-Alto;0,014
Tambacu;Tambacu tambatinga;Serviços de manutenção e reparação mecânica de veículos automotores;Lagoa do Piauí;Alto-Alto;0,021
Tambacu;Tambacu tambatinga;Serviços de manutenção e reparação mecânica de veículos automotores;Pau D'Arco do Piauí;Alto-Alto;0,012
Tambacu;Tambacu tambatinga;Serviços de manutenção e reparação mecânica de veículos automotores;Pedro Laurentino;Alto-Alto;0,021
Tambacu;Tambacu tambatinga;Serviços de manutenção e reparação mecânica de veículos automotores;Teresina;Alto-Alto;0,002
Tambacu;Tambacu tambatinga;Serviços de organização de feiras, congressos, exposições e festas;Buriti dos Lopes;Alto-Alto;0,034
Tambacu;Tambacu tambatinga;Serviços de organização de feiras, congressos, exposições e festas;Ilha Grande;Alto-Alto;0,001
Tambacu;Tambacu tambatinga;Serviços de organização de feiras, congressos, exposições e festas;Luís Correia;Alto-Alto;0,023
Tambacu;Tambacu tambatinga;Tilápia;Beneditinos;Alto-Alto;0,008
Tambacu;Tambacu tambatinga;Tilápia;Coivaras;Alto-Alto;0,001
Tambacu;Tambacu tambatinga;Tilápia;José de Freitas;Alto-Alto;0,006
Tambacu;Tambacu tambatinga;Tilápia;Lagoa do Piauí;Alto-Alto;0,023
Tambacu;Tambacu tambatinga;Tilápia;Matias Olímpio;Alto-Alto;0,018
Tambacu;Tambacu tambatinga;Tilápia;Novo Santo Antônio;Alto-Alto;0,006
Tambacu;Tambacu tambatinga;Tilápia;Palmeirais;Alto-Alto;0,018
Tambacu;Tambacu tambatinga;Tilápia;Pau D'Arco do Piauí;Alto-Alto;0,009
Tambacu;Tambacu tambatinga;Tilápia;Sigefredo Pacheco;Alto-Alto;0,041
Tambacu;Tambacu tambatinga;Tilápia;Teresina;Alto-Alto;0,001
Tambacu;Tambacu tambatinga;Transporte rodoviário coletivo de passageiros, sob regime de fretamento, intermunicipal, interestadual e internacional;Brejo do Piauí;Alto-Alto;0,005
Tambacu;Tambacu tambatinga;Transporte rodoviário coletivo de passageiros, sob regime de fretamento, intermunicipal, interestadual e internacional;Colônia do Piauí;Alto-Alto;0,046
Tambacu;Tambacu tambatinga;Transporte rodoviário coletivo de passageiros, sob regime de fretamento, intermunicipal, interestadual e internacional;Inhuma;Alto-Alto;0,016
Tambacu;Tambacu tambatinga;Transporte rodoviário coletivo de passageiros, sob regime de fretamento, intermunicipal, interestadual e internacional;Várzea Grande;Alto-Alto;0,024
Tambacu;Tambacu tambatinga;Transporte rodoviário coletivo de passageiros, sob regime de fretamento, intermunicipal, interestadual e internacional;Wall Ferraz;Alto-Alto;0,03
Tambacu;Tambacu tambatinga;Transporte rodoviário de carga, exceto produtos perigosos e mudanças, municipal;Batalha;Alto-Alto;0,02
Tambacu;Tambacu tambatinga;Transporte rodoviário de carga, exceto produtos perigosos e mudanças, municipal;Brejo do Piauí;Alto-Alto;0,034
Tambacu;Tambacu tambatinga;Transporte rodoviário de carga, exceto produtos perigosos e mudanças, municipal;Ribeiro Gonçalves;Alto-Alto;0,034
Milho;Milho em grão;Comércio varejista de artigos de óptica;Acauã;Alto-Alto;0,047
Milho;Milho em grão;Comércio varejista de artigos de óptica;Cocal dos Alves;Alto-Alto;0,017
Milho;Milho em grão;Comércio varejista de artigos de óptica;Lagoa do Barro do Piauí;Alto-Alto;0,033
Milho;Milho em grão;Comércio varejista de artigos de óptica;Monsenhor Hipólito;Alto-Alto;0,025
Milho;Milho em grão;Comércio varejista de artigos de óptica;Murici dos Portelas;Alto-Alto;0,049
Milho;Milho em grão;Comércio varejista de artigos de óptica;Paulistana;Alto-Alto;0,048
Milho;Milho em grão;Locação de automóveis sem condutor;Acauã;Alto-Alto;0,003
Milho;Milho em grão;Locação de automóveis sem condutor;Fartura do Piauí;Alto-Alto;0,044
Milho;Milho em grão;Locação de automóveis sem condutor;Lagoa do Barro do Piauí;Alto-Alto;0,02
Milho;Milho em grão;Locação de automóveis sem condutor;Paulistana;Alto-Alto;0,029
Milho;Milho em grão;Locação de automóveis sem condutor;Vera Mendes;Alto-Alto;0,031
Milho;Milho em grão;Mandioca;Alagoinha do Piauí;Alto-Alto;0,003
Milho;Milho em grão;Mandioca;Bela Vista do Piauí;Alto-Alto;0,001
Milho;Milho em grão;Mandioca;Campinas do Piauí;Alto-Alto;0,001
Milho;Milho em grão;Mandioca;Campo Alegre do Fidalgo;Alto-Alto;0,004
Milho;Milho em grão;Mandioca;Capitão Gervásio Oliveira;Alto-Alto;0,017
Milho;Milho em grão;Mandioca;Fronteiras;Alto-Alto;0,016
Milho;Milho em grão;Mandioca;Isaías Coelho;Alto-Alto;0,001
Milho;Milho em grão;Mandioca;Itainópolis;Alto-Alto;0,024
Milho;Milho em grão;Mandioca;Lagoa do Barro do Piauí;Alto-Alto;0,017
Milho;Milho em grão;Mandioca;Monsenhor Hipólito;Alto-Alto;0,016
Milho;Milho em grão;Mandioca;Nova Santa Rita;Alto-Alto;0,001
Milho;Milho em grão;Mandioca;Paes Landim;Alto-Alto;0,015
Milho;Milho em grão;Mandioca;Paulistana;Alto-Alto;0,047
Milho;Milho em grão;Mandioca;Queimada Nova;Alto-Alto;0,029
Milho;Milho em grão;Mandioca;São Julião;Alto-Alto;0,02
Milho;Milho em grão;Regulação das atividades de saúde, educação, serviços culturais e outros serviços sociais;Alegrete do Piauí;Alto-Alto;0,019
Milho;Milho em grão;Regulação das atividades de saúde, educação, serviços culturais e outros serviços sociais;Cocal dos Alves;Alto-Alto;0,036
Milho;Milho em grão;Regulação das atividades de saúde, educação, serviços culturais e outros serviços sociais;Coronel José Dias;Alto-Alto;0,021
Milho;Milho em grão;Regulação das atividades de saúde, educação, serviços culturais e outros serviços sociais;Isaías Coelho;Alto-Alto;0,02
Milho;Milho em grão;Serviços de assistência social sem alojamento;Alagoinha do Piauí;Alto-Alto;0,007
Milho;Milho em grão;Serviços de assistência social sem alojamento;Aroeiras do Itaim;Alto-Alto;0,024
Milho;Milho em grão;Serviços de assistência social sem alojamento;Belém do Piauí;Alto-Alto;0,003
Milho;Milho em grão;Serviços de assistência social sem alojamento;Campo Grande do Piauí;Alto-Alto;0,003
Milho;Milho em grão;Serviços de assistência social sem alojamento;Jaicós;Alto-Alto;0,002
Milho;Milho em grão;Serviços de assistência social sem alojamento;Massapê do Piauí;Alto-Alto;0,02
Milho;Milho em grão;Serviços de assistência social sem alojamento;Monsenhor Hipólito;Alto-Alto;0,014
Milho;Milho em grão;Serviços de assistência social sem alojamento;Santana do Piauí;Alto-Alto;0,009
Milho;Milho em grão;Serviços de assistência social sem alojamento;São Julião;Alto-Alto;0,013
Milho;Milho em grão;Serviços de assistência social sem alojamento;Vera Mendes;Alto-Alto;0,021
Milho;Milho em grão;Serviços de assistência social sem alojamento;Vila Nova do Piauí;Alto-Alto;0,017
